00000001,000BF29E,
00000002,000BF347,
00000003,000BF9DC,
00000004,000BFC09,
00000005,000C2AD0,
00000006,000C2F9A,
00000007,000C2FC6,
00000008,000C352E,
00000009,000C3976,
0000000A,000C3977,
0000000B,000C44CE,
0000000C,000C4534,
0000000D,000C4A8A,
0000000E,000C4D37,
0000000F,000C5215,
00000010,000C52D9,
00000011,000C530C,
00000012,000C69BA,
00000013,000C6B3D,
00000014,000C6BC0,
00000015,000C6BD1,
00000016,000C6C84,
00000017,000C6CB8,
00000018,000C6CDF,
00000019,000C6CE5,
0000001A,000C6D2A,
0000001B,000C6D2C,
0000001C,000C6D8C,
0000001D,000C6DF7,
0000001E,000C6E11,
0000001F,000C6E19,
00000020,000C6E29,
00000021,000C6E51,
00000022,000C6E53,
00000023,000C6E5A,
00000024,000C6F72,
00000025,000C7822,
00000026,000C78BD,
00000027,000C796A,
00000028,000C7AE1,
00000029,000C7B69,
0000002A,000C7B7D,
0000002B,000C7BAE,
0000002C,000C7E72,
0000002D,000C7E7C,
0000002E,000C9F49,
0000002F,000C9F4C,
00000030,000C9F55,
00000031,000C9F74,
00000032,000CA26E,
00000033,000CB390,
00000034,000CB569,
00000035,000CD16E,
00000036,000CD257,
00000037,000CD80E,
00000038,000CDCAA,
00000039,000CDDB5,
0000003A,000CE367,
0000003B,000CE65D,
0000003C,000CF034,
0000003D,000CF706,
0000003E,000CFDE6,
0000003F,000CFEB7,
00000040,000CFF2B,
00000041,000CFF5D,
00000042,000CFF71,
00000043,000CFFAA,
00000044,000D0033,
00000045,000D004F,
00000046,000D0151,
00000047,000D01F0,
00000048,000D0555,
00000049,000D069F,
0000004A,000D06A6,
0000004B,000D06D7,
0000004C,000D0774,
0000004D,000D0D14,
0000004E,000D0D52,
0000004F,000D1333,
00000050,000D140C,
00000051,000D1657,
00000052,000D1664,
00000053,000D16A5,
00000054,000D16E4,
00000055,000D17C1,
00000056,000D24A3,
00000057,000D24CB,
00000058,000D29B6,
00000059,000D2F53,
0000005A,000D3173,
0000005B,000D32EB,
0000005C,000D417F,
0000005D,000D4328,
0000005E,000D5323,
0000005F,000D5446,
00000060,000D544C,
00000061,000D7F39,
00000062,000D85D0,
00000063,000D86EB,
00000064,000D8712,
00000065,000D8728,
00000066,000D8D3D,
00000067,000D8E5A,
00000068,000D9359,
00000069,000D953E,
0000006A,000D9BEF,
0000006B,000D9BF9,
0000006C,000D9C27,
0000006D,000DA401,
0000006E,000DA531,
0000006F,000DA751,
00000070,000DA9C3,
00000071,000DAC6D,
00000072,000DAE11,
00000073,000DAEA8,
00000074,000DAEAE,
00000075,000DAEDC,
00000076,000DAF1E,
00000077,000DAF95,
00000078,000DAFAA,
00000079,000DC2CA,
0000007A,000DD8B5,
0000007B,000DDAF9,
0000007C,000DE66E,
0000007D,000DE705,
0000007E,000DE774,
0000007F,000DE9FE,
00000080,000DF4BA,
00000081,000DF596,
00000082,000DF62F,
00000083,000DF7C8,
00000084,000DFA2A,
00000085,000DFA97,
00000086,000DFB99,
00000087,000DFCB1,
00000088,000DFCCB,
00000089,000DFD11,
0000008A,000DFFF7,
0000008B,000E0050,
0000008C,000E042E,
0000008D,000E0765,
0000008E,000E082E,
0000008F,000E088F,
00000090,000E12EC,
00000091,000E16AF,
00000092,000E171D,
00000093,000E1978,
00000094,000E1A96,
00000095,000E1AA1,
00000096,000E1B75,
00000097,000E1D6C,
00000098,000E1D99,
00000099,000E1DD5,
0000009A,000E1E7C,
0000009B,000E1ED6,
0000009C,000E1F22,
0000009D,000E1FBC,
0000009E,000E222A,
0000009F,000E22DC,
000000A0,000E23F9,
000000A1,000E2418,
000000A2,000E251B,
000000A3,000E2521,
000000A4,000E26FE,
000000A5,000E2800,
000000A6,000E2983,
000000A7,000E29B0,
000000A8,000E29B6,
000000A9,000E2A35,
000000AA,000E2E42,
000000AB,000E2E5F,
000000AC,000E2E61,
000000AD,000E2F16,
000000AE,000E347B,
000000AF,000E353B,
000000B0,000E36B9,
000000B1,000E36D4,
000000B2,000E396C,
000000B3,000E3B05,
000000B4,000E3C55,
000000B5,000E3CA0,
000000B6,000E3E23,
000000B7,000E3E87,
000000B8,000E3EAC,
000000B9,000E3EE1,
000000BA,000E4663,
000000BB,000E4812,
000000BC,000E50C2,
000000BD,000E5632,
000000BE,000E5703,
000000BF,000E5966,
000000C0,000E5B14,
000000C1,000E5C3F,
000000C2,000E60FF,
000000C3,000E6173,
000000C4,000E68A8,
000000C5,000E68B3,
000000C6,000E6ADA,
000000C7,000E7047,
000000C8,000E74DF,
000000C9,000E7815,
000000CA,000E7927,
000000CB,000E7B36,
000000CC,000E7BB3,
000000CD,000E7C8B,
000000CE,000E7CBB,
000000CF,000E8018,
000000D0,000E8025,
000000D1,000E802F,
000000D2,000E8162,
000000D3,000E8212,
000000D4,000E8216,
000000D5,000E8470,
000000D6,000E848D,
000000D7,000E8774,
000000D8,000E8865,
000000D9,000E8BAB,
000000DA,000E8BBF,
000000DB,000E8DB2,
000000DC,000E8DB3,
000000DD,000E8F92,
000000DE,000E8FDD,
000000DF,000E94F9,
000000E0,000E951F,
000000E1,000E9895,
000000E2,000E9BB5,
000000E3,000E9DCC,
000000E4,000E9F2B,
000000E5,000E9F83,
000000E6,000EA2D9,
000000E7,000EA416,
000000E8,000EA746,
000000E9,000EA777,
000000EA,000EA97B,
000000EB,000EAA48,
000000EC,000EAD99,
000000ED,000EAE88,
000000EE,000EB17F,
000000EF,000EBAD9,
000000F0,000EBAE6,
000000F1,000EBBD8,
000000F2,000EBC0B,
000000F3,000EBE23,
000000F4,000EBE53,
000000F5,000EBE80,
000000F6,000EC2D0,
000000F7,000EC2D8,
000000F8,000EC3C1,
000000F9,000EC4B9,
000000FA,000EC505,
000000FB,000ECAA1,
000000FC,000ECC16,
000000FD,000ECC34,
000000FE,000ECC39,
000000FF,000ED40E,
00000100,000EDCD7,
00000101,000EDD5F,
00000102,000EDE34,
00000103,000EE0A6,
00000104,000EE0D2,
00000105,000EE2A3,
00000106,000EE557,
00000107,000EEF7C,
00000108,000EF009,
00000109,000EF05A,
0000010A,000EF210,
0000010B,000EF228,
0000010C,000EF268,
0000010D,000EF387,
0000010E,000EF8B1,
0000010F,000EF8DA,
00000110,000EF9CE,
00000111,000EFAB0,
00000112,000EFCF4,
00000113,000EFF4A,
00000114,000EFFDC,
00000115,000F0099,
00000116,000F02C3,
00000117,000F03E7,
00000118,000F042D,
00000119,000F0451,
0000011A,000F059B,
0000011B,000F08B4,
0000011C,000F0909,
0000011D,000F0C4E,
0000011E,000F0CA8,
0000011F,000F0CE0,
00000120,000F0E05,
00000121,000F0F2D,
00000122,000F1096,
00000123,000F1230,
00000124,000F13AF,
00000125,000F14D1,
00000126,000F163B,
00000127,000F1693,
00000128,000F173C,
00000129,000F178C,
0000012A,000F17DC,
0000012B,000F1827,
0000012C,000F1841,
0000012D,000F194E,
0000012E,000F1BDB,
0000012F,000F1C60,
00000130,000F1EFB,
00000131,000F1F4B,
00000132,000F2009,
00000133,000F22B9,
00000134,000F2469,
00000135,000F27AE,
00000136,000F28B0,
00000137,000F2A12,
00000138,000F2A90,
00000139,000F2A95,
0000013A,000F2A9B,
0000013B,000F2C11,
0000013C,000F2D76,
0000013D,000F2E85,
0000013E,000F2EB5,
0000013F,000F2F51,
00000140,000F2F73,
00000141,000F302B,
00000142,000F30B4,
00000143,000F30D7,
00000144,000F3132,
00000145,000F31CA,
00000146,000F328E,
00000147,000F3776,
00000148,000F3C0A,
00000149,000F41A2,
0000014A,000F428F,
0000014B,000F42B0,
0000014C,000F438F,
0000014D,000F4405,
0000014E,000F451B,
0000014F,000F456E,
00000150,000F457E,
00000151,000F4AD3,
00000152,000F4B44,
00000153,000F4CF0,
00000154,000F4CF9,
00000155,000F4D51,
00000156,000F524F,
00000157,000F5451,
00000158,000F54AC,
00000159,000F5775,
0000015A,000F58CC,
0000015B,000F5950,
0000015C,000F5982,
0000015D,000F5A4F,
0000015E,000F60FE,
0000015F,000F61D8,
00000160,000F62B3,
00000161,000F638F,
00000162,000F63CC,
00000163,000F6620,
00000164,000F6834,
00000165,000F6843,
00000166,000F69AE,
00000167,000F6A38,
00000168,000F6B31,
00000169,000F6C3B,
0000016A,000F6C43,
0000016B,000F6FC6,
0000016C,000F71BE,
0000016D,000F7531,
0000016E,000F7640,
0000016F,000F76DA,
00000170,000F76F2,
00000171,000F7725,
00000172,000F772D,
00000173,000F785F,
00000174,000F79D4,
00000175,000F7A02,
00000176,000F7B11,
00000177,000F7BCD,
00000178,000F7C4F,
00000179,000F7E01,
0000017A,000F7E28,
0000017B,000F805F,
0000017C,000F806B,
0000017D,000F8075,
0000017E,000F8086,
0000017F,000F832F,
00000180,000F84D8,
00000181,000F851A,
00000182,000F87CB,
00000183,000F87F4,
00000184,000F89BA,
00000185,000F8ACC,
00000186,000F8E05,
00000187,000F8FB9,
00000188,000F9620,
00000189,000F9A7B,
0000018A,000F9F1F,
0000018B,000F9F2D,
0000018C,000F9F6B,
0000018D,000FA405,
0000018E,000FA98F,
0000018F,000FAC9A,
00000190,000FADB7,
00000191,000FAF1D,
00000192,000FB28C,
00000193,000FB2F2,
00000194,000FB336,
00000195,000FB391,
00000196,000FB50A,
00000197,000FB5FC,
00000198,000FB5FD,
00000199,000FB627,
0000019A,000FB6A3,
0000019B,000FB70A,
0000019C,000FB75D,
0000019D,000FB7D4,
0000019E,000FB7FE,
0000019F,000FB7FF,
000001A0,000FB850,
000001A1,000FB8E8,
000001A2,000FB960,
000001A3,000FB99F,
000001A4,000FB9A9,
000001A5,000FB9E7,
000001A6,000FBA1C,
000001A7,000FBA2B,
000001A8,000FBA6F,
000001A9,000FBAE9,
000001AA,000FBB63,
000001AB,000FC056,
000001AC,000FCA1C,
000001AD,000FCA53,
000001AE,000FCE44,
000001AF,000FCED3,
000001B0,000FD1D2,
000001B1,000FD200,
000001B2,000FD684,
000001B3,000FD6AD,
000001B4,000FD6FE,
000001B5,000FD7D0,
000001B6,000FD9D0,
000001B7,000FD9E3,
000001B8,000FD9FD,
000001B9,000FDA44,
000001BA,000FDA7F,
000001BB,000FDA80,
000001BC,000FDB0A,
000001BD,000FDB56,
000001BE,000FDBB2,
000001BF,000FDC33,
000001C0,000FDC9A,
000001C1,000FDD89,
000001C2,000FDFC2,
000001C3,000FE570,
000001C4,000FE61E,
000001C5,000FE70E,
000001C6,000FE7E0,
000001C7,000FEB17,
000001C8,000FF258,
000001C9,000FF4CB,
000001CA,000FF817,
000001CB,000FFA18,
000001CC,000FFA2A,
000001CD,000FFA5D,
000001CE,000FFC09,
000001CF,000FFC3E,
000001D0,0010015A,
000001D1,0010051E,
000001D2,001009B7,
000001D3,00100CAC,
000001D4,00100E82,
000001D5,00100F62,
000001D6,001011C3,
000001D7,00101370,
000001D8,001018B4,
000001D9,001019A1,
000001DA,00101AA1,
000001DB,00101AC2,
000001DC,00101B74,
000001DD,00101E16,
000001DE,00101F96,
000001DF,00101F9C,
000001E0,00101FC0,
000001E1,00101FCA,
000001E2,001020B3,
000001E3,0010229F,
000001E4,001024BC,
000001E5,001028C3,
000001E6,00102D05,
000001E7,001035F5,
000001E8,00103867,
000001E9,00103922,
000001EA,00103AED,
000001EB,00104345,
000001EC,0010482E,
000001ED,00104A20,
000001EE,00104A99,
000001EF,00104CD9,
000001F0,00105209,
000001F1,00105220,
000001F2,00105661,
000001F3,001056FB,
000001F4,001059FA,
000001F5,00105ACF,
000001F6,00105BB4,
000001F7,001062BE,
000001F8,0010638D,
000001F9,001063B2,
000001FA,0010858C,
000001FB,0010872E,
000001FC,001087BC,
000001FD,00108993,
000001FE,00108998,
000001FF,00108E62,
00000200,00109067,
00000201,00109253,
00000202,0010936B,
00000203,001094C1,
00000204,00109A40,
00000205,0010A162,
00000206,0010A181,
00000207,0010A6FF,
00000208,0010A75D,
00000209,0010B9E0,
0000020A,0010BC64,
0000020B,0010C37B,
0000020C,0010CA89,
0000020D,0010CE7D,
0000020E,0010CF63,
0000020F,0010FA19,
00000210,0010FC6B,
00000211,00110F35,
00000212,001129BA,
00000213,001129BB,
00000214,00112A6F,
00000215,00112D9A,
00000216,0011300E,
00000217,00113044,
00000218,0011335A,
00000219,001134F0,
0000021A,001135B5,
0000021B,001136B0,
0000021C,00113AC3,
0000021D,00113B4A,
0000021E,00113BCE,
0000021F,00113DBC,
00000220,0011417F,
00000221,00114196,
00000222,00114200,
00000223,0011420F,
00000224,001143A6,
00000225,001143AC,
00000226,001143AF,
00000227,001143B8,
00000228,0011442E,
00000229,00114434,
0000022A,00114435,
0000022B,001146B8,
0000022C,00114706,
0000022D,001147C2,
0000022E,001147C5,
0000022F,00114AE9,
00000230,00114DDD,
00000231,00114DEF,
00000232,00114DF7,
00000233,0011509C,
00000234,001151D5,
00000235,0011547A,
00000236,001154C4,
00000237,001159DE,
00000238,00116F36,
00000239,0011784A,
0000023A,00118CED,
0000023B,0011952F,
0000023C,00119B5A,
0000023D,00119E46,
0000023E,0011A07D,
0000023F,0011A863,
00000240,0011AFC1,
00000241,0011B07C,
00000242,0011B0BE,
00000243,0011B1AF,
00000244,0011B343,
00000245,0011B42F,
00000246,0011B5B7,
00000247,0011B672,
00000248,0011B938,
00000249,0011B9F0,
0000024A,0011B9F8,
0000024B,0011BAB3,
0000024C,0011BAE3,
0000024D,0011BB2B,
0000024E,0011BD3D,
0000024F,0011BF21,
00000250,0011C046,
00000251,0011C0B0,
00000252,0011C2BA,
00000253,0011C625,
00000254,0011C68B,
00000255,0011C937,
00000256,0011CD61,
00000257,0011D289,
00000258,0011D322,
00000259,0011D3B6,
0000025A,0011D4C2,
0000025B,0011D9C2,
0000025C,0011DCF9,
0000025D,0011DFCC,
0000025E,00122526,
0000025F,001225FA,
00000260,00126EF7,
00000261,00128749,
00000262,0012A995,
00000263,0012AA53,
00000264,0012ADC9,
00000265,0012B8C2,
00000266,0012DC45,
00000267,0012E217,
00000268,001304D6,
00000269,0013181C,
0000026A,00134FC3,
0000026B,0013A48E,
0000026C,0013BDA3,
0000026D,0013BFDC,
0000026E,0013DED0,
0000026F,0013DFB1,
00000270,0013E597,
00000271,0013E7FD,
00000272,0013EE25,
00000273,0013EF34,
00000274,0013EF9B,
00000275,0013F0D3,
00000276,0013F2BF,
00000277,0013F3D3,
00000278,0013F764,
00000279,0013FD24,
0000027A,0013FFA0,
0000027B,0014009C,
0000027C,00140572,
0000027D,00140C0F,
0000027E,00140D3D,
0000027F,0014189C,
00000280,00141F64,
00000281,00142090,
00000282,00142097,
00000283,00142225,
00000284,001423E3,
00000285,00142CE5,
00000286,00142F72,
00000287,00143929,
00000288,00143D6C,
00000289,0014406B,
0000028A,001441E2,
0000028B,00144294,
0000028C,0014436E,
0000028D,001443CD,
0000028E,001447BB,
0000028F,00144807,
00000290,00144A6E,
00000291,00144BA0,
00000292,00144BCD,
00000293,00144F98,
00000294,001458DB,
00000295,00145B9E,
00000296,00145EA5,
00000297,00145EC3,
00000298,001461F3,
00000299,0014671D,
0000029A,00146988,
0000029B,00146A2A,
0000029C,00146DEE,
0000029D,00146E5A,
0000029E,00147519,
0000029F,00147666,
000002A0,00147697,
000002A1,001476AA,
000002A2,001477F8,
000002A3,00147899,
000002A4,00147AC9,
000002A5,00147D89,
000002A6,00147F19,
000002A7,0014847A,
000002A8,00148673,
000002A9,001489AD,
000002AA,00148D4A,
000002AB,001495F6,
000002AC,00149755,
000002AD,00149766,
000002AE,00149769,
000002AF,0014977A,
000002B0,0014977D,
000002B1,0014A185,
000002B2,0014A35E,
000002B3,0014A505,
000002B4,0014A583,
000002B5,0014A5F3,
000002B6,0014A6E3,
000002B7,0014A903,
000002B8,0014AB23,
000002B9,0014AC90,
000002BA,0014B4F6,
000002BB,0014B639,
000002BC,0014BA30,
000002BD,0014BC3B,
000002BE,0014BD22,
000002BF,0014BEBC,
000002C0,0014C047,
000002C1,0014C097,
000002C2,0014C1AE,
000002C3,0014C385,
000002C4,0014C45D,
000002C5,0014C59F,
000002C6,0014C61E,
000002C7,0014C70F,
000002C8,0014C7A9,
000002C9,0014C7AC,
000002CA,0014C87A,
000002CB,0014C8B7,
000002CC,0014C94F,
000002CD,0014C9A7,
000002CE,0014CA26,
000002CF,0014CB5C,
000002D0,0014CB66,
000002D1,0014CC57,
000002D2,0014CCD1,
000002D3,0014CCD5,
000002D4,0014CDEE,
000002D5,0014CE00,
000002D6,0014CFBA,
000002D7,0014D012,
000002D8,0014D2A2,
000002D9,0014D60A,
000002DA,0014D63E,
000002DB,0014D73B,
000002DC,0014D8ED,
000002DD,0014DA01,
000002DE,0014DA21,
000002DF,0014DB9D,
000002E0,0014DBA7,
000002E1,0014DBF4,
000002E2,0014DC87,
000002E3,0014DCFC,
000002E4,0014DFEF,
000002E5,0014E3CB,
000002E6,0014E801,
000002E7,0014EC2A,
000002E8,0014F062,
000002E9,0014F440,
000002EA,0014F533,
000002EB,0014F5A2,
000002EC,0014F9E6,
000002ED,0014FC38,
000002EE,0014FD38,
000002EF,0014FD6B,
000002F0,0014FDBE,
000002F1,0014FDD2,
000002F2,0014FEFE,
000002F3,0014FF36,
000002F4,0014FF5C,
000002F5,0014FF99,
000002F6,0014FFA2,
000002F7,00150050,
000002F8,001501F0,
000002F9,00150497,
000002FA,001506AA,
000002FB,0015079C,
000002FC,0015094B,
000002FD,001509E8,
000002FE,00150A31,
000002FF,00150B0B,
00000300,00150B13,
00000301,00150BFF,
00000302,00150C06,
00000303,00150D50,
00000304,00150E36,
00000305,00150E7B,
00000306,001510A1,
00000307,001511B6,
00000308,001512E0,
00000309,00151394,
0000030A,001513AA,
0000030B,001513AE,
0000030C,0015212D,
0000030D,001523A8,
0000030E,001525BF,
0000030F,00152CB2,
00000310,00152CF3,
00000311,00153015,
00000312,00153190,
00000313,00153503,
00000314,00157900,
00000315,0015B164,
00000316,0015BC4B,
00000317,0015D1C2,
00000318,0015DD81,
00000319,0015DE83,
0000031A,0015DEB3,
0000031B,0015F103,
0000031C,0016053D,
0000031D,00161B3E,
0000031E,0016497B,
0000031F,00165C12,
00000320,001679D7,
00000321,00168461,
00000322,00169A2D,
00000323,00169E4C,
00000324,0016A9C9,
00000325,0016B41D,
00000326,0016E607,
00000327,0016F679,
00000328,00173C05,
00000329,0017448D,
0000032A,001747CE,
0000032B,0017627D,
0000032C,0017637E,
0000032D,001768D6,
0000032E,0017729B,
0000032F,00177488,
00000330,001775D5,
00000331,00177AE3,
00000332,00177B6C,
00000333,00177C0C,
00000334,00177DA3,
00000335,00178C92,
00000336,001796F0,
00000337,00179D6E,
00000338,0017AC5E,
00000339,0017B51C,
0000033A,0017B741,
0000033B,0017B746,
0000033C,0017B874,
0000033D,0017B906,
0000033E,0017B95D,
0000033F,0017B9A4,
00000340,0017BAEB,
00000341,0017BB2F,
00000342,0017BB71,
00000343,0017BD9F,
00000344,0017C9BF,
00000345,0017CC97,
00000346,0017CCC6,
00000347,0017CD05,
00000348,0017D41C,
00000349,0017DD0E,
0000034A,0017E1B1,
0000034B,0017E586,
0000034C,0017E886,
0000034D,0017EBE3,
0000034E,0017EBE7,
0000034F,0017EEAC,
00000350,0017EF24,
00000351,0017F19C,
00000352,0017F37D,
00000353,0017F453,
00000354,0017F5F6,
00000355,0017F708,
00000356,0017F71B,
00000357,0017F75F,
00000358,0017FA6A,
00000359,0017FBD2,
0000035A,0017FC92,
0000035B,0017FEB4,
0000035C,00180316,
0000035D,00180390,
0000035E,00180490,
0000035F,0018062D,
00000360,001806FF,
00000361,001809FD,
00000362,00180B2C,
00000363,00180BB8,
00000364,00180BFF,
00000365,00181213,
00000366,00181733,
00000367,00181992,
00000368,00181AC5,
00000369,00182CC1,
0000036A,0018308A,
0000036B,001830C1,
0000036C,001832EC,
0000036D,001834F9,
0000036E,001835C2,
0000036F,001835F7,
00000370,0018370C,
00000371,0018372B,
00000372,0018378A,
00000373,00183816,
00000374,00183898,
00000375,001838C5,
00000376,0018395B,
00000377,00183BFC,
00000378,00183F41,
00000379,00183F9F,
0000037A,00183FA8,
0000037B,00184172,
0000037C,0018459A,
0000037D,0018461D,
0000037E,0018487B,
0000037F,00184997,
00000380,00184CFC,
00000381,00184FBA,
00000382,00185114,
00000383,00185184,
00000384,001852DD,
00000385,00185313,
00000386,00186702,
00000387,00187104,
00000388,00187209,
00000389,001873CB,
0000038A,0018746A,
0000038B,00187995,
0000038C,00187A6A,
0000038D,00187BDE,
0000038E,001887CE,
0000038F,00188A34,
00000390,00188B9B,
00000391,001890B5,
00000392,001894AC,
00000393,0018999A,
00000394,00189D22,
00000395,00189E0A,
00000396,00189E6D,
00000397,00189FC9,
00000398,0018A096,
00000399,0018A204,
0000039A,0018A4A7,
0000039B,0018A5DA,
0000039C,0018A7FD,
0000039D,0018A8B0,
0000039E,0018AAA3,
0000039F,0018ADDF,
000003A0,0018B0C6,
000003A1,0018B125,
000003A2,0018B172,
000003A3,0018B426,
000003A4,0018B812,
000003A5,0018BA81,
000003A6,0018BD68,
000003A7,0018C117,
000003A8,0018C1EE,
000003A9,0018C574,
000003AA,0018C816,
000003AB,0018C903,
000003AC,0018CA0F,
000003AD,0018CA90,
000003AE,0018CECD,
000003AF,0018CF5F,
000003B0,0018D57B,
000003B1,0018D8F9,
000003B2,0018DA8E,
000003B3,0018DC94,
000003B4,0018DD84,
000003B5,0018E1DD,
000003B6,0018E24E,
000003B7,0018E5DE,
000003B8,0018F4D7,
000003B9,0018F68E,
000003BA,001911C1,
000003BB,00191F10,
000003BC,00192860,
000003BD,00192DA6,
000003BE,001933C5,
000003BF,00193A47,
000003C0,00194E36,
000003C1,0019559E,
000003C2,001958F1,
000003C3,00195A7A,
000003C4,00195FD5,
000003C5,0019603E,
000003C6,001965A1,
000003C7,00197160,
000003C8,0019728A,
000003C9,00197352,
000003CA,0019736C,
000003CB,0019740C,
000003CC,00197515,
000003CD,00197561,
000003CE,001975BE,
000003CF,0019766D,
000003D0,00197671,
000003D1,001979C8,
000003D2,001979ED,
000003D3,00197FB9,
000003D4,001980B4,
000003D5,00198275,
000003D6,0019833B,
000003D7,00198764,
000003D8,00198A5A,
000003D9,00198BAC,
000003DA,00198DE0,
000003DB,00198F53,
000003DC,00198F7C,
000003DD,00198FDC,
000003DE,00199367,
000003DF,001993D7,
000003E0,001993F1,
000003E1,0019969B,
000003E2,00199998,
000003E3,0019999E,
000003E4,00199EED,
000003E5,0019A356,
000003E6,0019A4AC,
000003E7,0019A520,
000003E8,0019A70C,
000003E9,0019A7DA,
000003EA,0019B1C5,
000003EB,0019B32A,
000003EC,0019B354,
000003ED,0019B48B,
000003EE,0019BA01,
000003EF,0019BA1C,
000003F0,0019BA83,
000003F1,0019BD62,
000003F2,0019BE15,
000003F3,0019BE71,
000003F4,0019BE77,
000003F5,0019BEC4,
000003F6,0019BFE1,
000003F7,0019C05B,
000003F8,0019C226,
000003F9,0019C308,
000003FA,0019C359,
000003FB,0019C37A,
000003FC,0019C389,
000003FD,0019C3D3,
000003FE,0019C3FA,
000003FF,0019C40A,
00000400,0019C42B,
00000401,0019C447,
00000402,0019C4D2,
00000403,0019C74D,
00000404,0019C766,
00000405,0019C779,
00000406,0019CCAD,
00000407,0019CCC5,
00000408,0019CCDE,
00000409,0019CEF1,
0000040A,0019CF19,
0000040B,0019D51D,
0000040C,0019D6F3,
0000040D,0019D9D7,
0000040E,0019DEE3,
0000040F,0019E003,
00000410,0019E175,
00000411,0019E26E,
00000412,0019E3F6,
00000413,0019E5F8,
00000414,0019E6BB,
00000415,0019EA15,
00000416,0019EA27,
00000417,0019EC10,
00000418,0019ED37,
00000419,0019F7BC,
0000041A,0019F833,
0000041B,0019F871,
0000041C,0019FC9A,
0000041D,0019FE8D,
0000041E,001A0176,
0000041F,001A029D,
00000420,001A0383,
00000421,001A03BB,
00000422,001A0653,
00000423,001A0853,
00000424,001A0A46,
00000425,001A114A,
00000426,001A1337,
00000427,001A1397,
00000428,001A14CB,
00000429,001A19FC,
0000042A,001A1C7C,
0000042B,001A1F0D,
0000042C,001A2157,
0000042D,001A22CA,
0000042E,001A22E9,
0000042F,001A2310,
00000430,001A23ED,
00000431,001A2404,
00000432,001A24F5,
00000433,001A253D,
00000434,001A25CB,
00000435,001A25F6,
00000436,001A260A,
00000437,001A260C,
00000438,001A2657,
00000439,001A2707,
0000043A,001A2728,
0000043B,001A274B,
0000043C,001A2798,
0000043D,001A2848,
0000043E,001A28DF,
0000043F,001A295B,
00000440,001A2981,
00000441,001A2987,
00000442,001A29CB,
00000443,001A29CE,
00000444,001A29F2,
00000445,001A2A68,
00000446,001A2A6D,
00000447,001A2AF4,
00000448,001A2B2C,
00000449,001A2B43,
0000044A,001A2BBF,
0000044B,001A2C12,
0000044C,001A2C96,
0000044D,001A2E21,
0000044E,001A2E7E,
0000044F,001A2E94,
00000450,001A2E96,
00000451,001A2F75,
00000452,001A2F79,
00000453,001A2FF2,
00000454,001A3017,
00000455,001A3109,
00000456,001A316C,
00000457,001A3221,
00000458,001A323C,
00000459,001A32A4,
0000045A,001A32E6,
0000045B,001A334B,
0000045C,001A33C1,
0000045D,001A3C48,
0000045E,001A3C6E,
0000045F,001A3E13,
00000460,001A408E,
00000461,001A4098,
00000462,001A40B2,
00000463,001A40CB,
00000464,001A41D3,
00000465,001A44DD,
00000466,001A44F5,
00000467,001A4608,
00000468,001A4625,
00000469,001A4642,
0000046A,001A4677,
0000046B,001A47F8,
0000046C,001A484E,
0000046D,001A48C5,
0000046E,001A48CE,
0000046F,001A48E7,
00000470,001A48FB,
00000471,001A4901,
00000472,001A4902,
00000473,001A4A3C,
00000474,001A4B9C,
00000475,001A4D76,
00000476,001A4E83,
00000477,001A5049,
00000478,001A539B,
00000479,001A54C7,
0000047A,001A5665,
0000047B,001A56D2,
0000047C,001A59B8,
0000047D,001A5C12,
0000047E,001A5E59,
0000047F,001A609F,
00000480,001A62AC,
00000481,001A6543,
00000482,001A6765,
00000483,001A693C,
00000484,001A69AD,
00000485,001A6B2F,
00000486,001A6B80,
00000487,001A6D40,
00000488,001A6D7B,
00000489,001A6E46,
0000048A,001A6F28,
0000048B,001A6FE4,
0000048C,001A704D,
0000048D,001A75F4,
0000048E,001A761E,
0000048F,001A769D,
00000490,001A76A4,
00000491,001A789C,
00000492,001A78F3,
00000493,001A78F7,
00000494,001A7A08,
00000495,001A7C86,
00000496,001A7CFC,
00000497,001A7D2C,
00000498,001A8019,
00000499,001A843D,
0000049A,001A8637,
0000049B,001A86A5,
0000049C,001A8765,
0000049D,001A876E,
0000049E,001A897B,
0000049F,001A8AFF,
000004A0,001A8C8B,
000004A1,001A8E8B,
000004A2,001A8F9F,
000004A3,001A9500,
000004A4,001A9684,
000004A5,001A96FB,
000004A6,001A9A6C,
000004A7,001AA299,
000004A8,001AA311,
000004A9,001AA390,
000004AA,001AA396,
000004AB,001AA456,
000004AC,001AA48E,
000004AD,001AA4C5,
000004AE,001AA557,
000004AF,001AB4D2,
000004B0,001AB668,
000004B1,001AB67A,
000004B2,001AB682,
000004B3,001ABB50,
000004B4,001ABC3E,
000004B5,001AC2AE,
000004B6,001AC5E9,
000004B7,001AC970,
000004B8,001AC983,
000004B9,001ACC1A,
000004BA,001ACCC0,
000004BB,001ACDF1,
000004BC,001ACE51,
000004BD,001ACF66,
000004BE,001ACF92,
000004BF,001AD21D,
000004C0,001AD473,
000004C1,001AD5DF,
000004C2,001ADC45,
000004C3,001ADE72,
000004C4,001AE568,
000004C5,001AE5C7,
000004C6,001AE5FC,
000004C7,001AEAB7,
000004C8,001AEB27,
000004C9,001AEC28,
000004CA,001AEE1F,
000004CB,001AEF64,
000004CC,001AF50C,
000004CD,001AF7C8,
000004CE,001AF952,
000004CF,001AFAEB,
000004D0,001B0109,
000004D1,001B09C5,
000004D2,001B0E9F,
000004D3,001B0F2C,
000004D4,001B1255,
000004D5,001B12E4,
000004D6,001B12FE,
000004D7,001B1469,
000004D8,001B1481,
000004D9,001B1AAD,
000004DA,001B27D3,
000004DB,001B2C37,
000004DC,001B3095,
000004DD,001B3203,
000004DE,001B329E,
000004DF,001B3714,
000004E0,001B54C4,
000004E1,001B559D,
000004E2,001B5AB8,
000004E3,001B5C28,
000004E4,001B5F1E,
000004E5,001B6111,
000004E6,001B6572,
000004E7,001B66A7,
000004E8,001B6C80,
000004E9,001B850B,
000004EA,001B8B9E,
000004EB,001B9254,
000004EC,001B9B25,
000004ED,001B9EA6,
000004EE,001BA28A,
000004EF,001BA646,
000004F0,001BA7B7,
000004F1,001BB0BD,
000004F2,001BBD75,
000004F3,001BC439,
000004F4,001BC657,
000004F5,001BC6B1,
000004F6,001BCB4C,
000004F7,001BCCE5,
000004F8,001BCE5C,
000004F9,001BE303,
000004FA,001BE31F,
000004FB,001BE81E,
000004FC,001BEAAE,
000004FD,001BEC09,
000004FE,001BEEA6,
000004FF,001BEEAF,
00000500,001BF15B,
00000501,001BF47F,
00000502,001BFCA0,
00000503,001BFE9F,
00000504,001BFFA8,
00000505,001C08A5,
00000506,001C0D71,
00000507,001C0E1B,
00000508,001C10F5,
00000509,001C10F6,
0000050A,001C1469,
0000050B,001C1799,
0000050C,001C1890,
0000050D,001C1C25,
0000050E,001C1C2D,
0000050F,001C1C32,
00000510,001C1C3D,
00000511,001C1C9D,
00000512,001C2218,
00000513,001C24A7,
00000514,001C265E,
00000515,001C2A40,
00000516,001C312D,
00000517,001C32E5,
00000518,001C385F,
00000519,001C3A32,
0000051A,001C3A88,
0000051B,001C3F2D,
0000051C,001C4172,
0000051D,001C42F1,
0000051E,001C67BC,
0000051F,001C6800,
00000520,001C6828,
00000521,001C6ACB,
00000522,001C7170,
00000523,001C729E,
00000524,001C763E,
00000525,001C78DF,
00000526,001C7B8B,
00000527,001C81E5,
00000528,001C82E2,
00000529,001C871B,
0000052A,001C8B8D,
0000052B,001C93DF,
0000052C,001C9820,
0000052D,001C9BB3,
0000052E,001C9F7D,
0000052F,001CA20C,
00000530,001CA836,
00000531,001CAA7B,
00000532,001CAE82,
00000533,001CB35E,
00000534,001CB3AE,
00000535,001CB52D,
00000536,001CB554,
00000537,001CC017,
00000538,001CC504,
00000539,001CC623,
0000053A,001CCEC3,
0000053B,001CD19B,
0000053C,001CD78A,
0000053D,001CE083,
0000053E,001CEFCC,
0000053F,001CF10D,
00000540,001CF36D,
00000541,001CF4D2,
00000542,001CFD2B,
00000543,001D0176,
00000544,001D025D,
00000545,001D05E8,
00000546,001D0ACD,
00000547,001D0BF3,
00000548,001D0C01,
00000549,001D0F28,
0000054A,001D125F,
0000054B,001D1707,
0000054C,001D1985,
0000054D,001D19FF,
0000054E,001D1F77,
0000054F,001D2A38,
00000550,001D3097,
00000551,001D31A6,
00000552,001D388E,
00000553,001D3907,
00000554,001D416F,
00000555,001D46E9,
00000556,001D4DF1,
00000557,001D5015,
00000558,001D5339,
00000559,001D5480,
0000055A,001D5742,
0000055B,001D5E33,
0000055C,001D608D,
0000055D,001D6A0C,
0000055E,001D7C6C,
0000055F,001D8E96,
00000560,001D932D,
00000561,001D9423,
00000562,001D943D,
00000563,001D9553,
00000564,001D9A0A,
00000565,001DA2AA,
00000566,001DA666,
00000567,001DA766,
00000568,001DA89A,
00000569,001DA914,
0000056A,001DB0C7,
0000056B,001DB7FD,
0000056C,001DB800,
0000056D,001DB9D9,
0000056E,001DBAFC,
0000056F,001DBBB2,
00000570,001DBF7C,
00000571,001DC177,
00000572,001DC480,
00000573,001DC70A,
00000574,001DC716,
00000575,001DC721,
00000576,001DC79A,
00000577,001DC8B0,
00000578,001DCB4E,
00000579,001DCF50,
0000057A,001DD3CD,
0000057B,001DD3DD,
0000057C,001DD3DF,
0000057D,001DD482,
0000057E,001DD4CA,
0000057F,001DD508,
00000580,001DD65C,
00000581,001DD6FC,
00000582,001DD758,
00000583,001DD7DE,
00000584,001DDB92,
00000585,001DDC1B,
00000586,001DDC42,
00000587,001DDC96,
00000588,001DDED2,
00000589,001DDF04,
0000058A,001DE1D1,
0000058B,001DEAA1,
0000058C,001DEBB6,
0000058D,001DF0EE,
0000058E,001DF35D,
0000058F,001DF58E,
00000590,001DF612,
00000591,001DF6DA,
00000592,001DF845,
00000593,001DFA77,
00000594,001DFACA,
00000595,001DFAF0,
00000596,001DFBC9,
00000597,001DFC3A,
00000598,001DFCC2,
00000599,001DFFCE,
0000059A,001E0048,
0000059B,001E00EA,
0000059C,001E020E,
0000059D,001E033E,
0000059E,001E0352,
0000059F,001E048E,
000005A0,001E04EA,
000005A1,001E04EC,
000005A2,001E051D,
000005A3,001E0524,
000005A4,001E053C,
000005A5,001E0587,
000005A6,001E058B,
000005A7,001E05B0,
000005A8,001E066D,
000005A9,001E06E0,
000005AA,001E0708,
000005AB,001E0759,
000005AC,001E076C,
000005AD,001E078C,
000005AE,001E0926,
000005AF,001E09C9,
000005B0,001E0A1B,
000005B1,001E0D47,
000005B2,001E1353,
000005B3,001E13B3,
000005B4,001E13B7,
000005B5,001E14EA,
000005B6,001E1698,
000005B7,001E1831,
000005B8,001E1E6B,
000005B9,001E2899,
000005BA,001E28F6,
000005BB,001E28FD,
000005BC,001E2918,
000005BD,001E2946,
000005BE,001E2955,
000005BF,001E2A17,
000005C0,001E2A26,
000005C1,001E2A72,
000005C2,001E2A9E,
000005C3,001E2BB0,
000005C4,001E2DA5,
000005C5,001E2E17,
000005C6,001E484A,
000005C7,001E4853,
000005C8,001E4859,
000005C9,001E495B,
000005CA,001E4A42,
000005CB,001E4A7C,
000005CC,001E4BAB,
000005CD,001E4C53,
000005CE,001E4DDA,
000005CF,001E4DF1,
000005D0,001E4E80,
000005D1,001E4EA3,
000005D2,001E4F56,
000005D3,001E4F80,
000005D4,001E4FA5,
000005D5,001E50C0,
000005D6,001E51E9,
000005D7,001E5218,
000005D8,001E5249,
000005D9,001E5254,
000005DA,001E53DB,
000005DB,001E5983,
000005DC,001E5B93,
000005DD,001E60D0,
000005DE,001E622D,
000005DF,001E62E3,
000005E0,001E640A,
000005E1,001E6451,
000005E2,001E6462,
000005E3,001E648E,
000005E4,001E649B,
000005E5,001E64A1,
000005E6,001E64BB,
000005E7,001E6622,
000005E8,001E6632,
000005E9,001E6907,
000005EA,001E6993,
000005EB,001E6994,
000005EC,001E6A82,
000005ED,001E6A9A,
000005EE,001E6D29,
000005EF,001E6E2A,
000005F0,001E6F98,
000005F1,001E6FA7,
000005F2,001E7057,
000005F3,001E72EC,
000005F4,001E7431,
000005F5,001E795D,
000005F6,001E7968,
000005F7,001E7C90,
000005F8,001E7D93,
000005F9,001E7E3B,
000005FA,001E7E54,
000005FB,001E7E66,
000005FC,001E7F3F,
000005FD,001E7F7E,
000005FE,001E8068,
000005FF,001E80E1,
00000600,001E81D3,
00000601,001E8206,
00000602,001E8290,
00000603,001E82B6,
00000604,001E838C,
00000605,001E84B9,
00000606,001E84DA,
00000607,001E8884,
00000608,001E8AA1,
00000609,001E8ABC,
0000060A,001E8DFC,
0000060B,001E9108,
0000060C,001E93D8,
0000060D,001E94AD,
0000060E,001E96D7,
0000060F,001E9B94,
00000610,001E9BBA,
00000611,001E9E44,
00000612,001EA24D,
00000613,001EA357,
00000614,001EA63B,
00000615,001EAC6B,
00000616,001EAD15,
00000617,001EAD1A,
00000618,001EAD1B,
00000619,001EAD7A,
0000061A,001EADE2,
0000061B,001EB087,
0000061C,001EB2CC,
0000061D,001EB5F6,
0000061E,001EBFB0,
0000061F,001EC08A,
00000620,001EC43C,
00000621,001EC6C1,
00000622,001EC856,
00000623,001ECB39,
00000624,001ED424,
00000625,001ED72E,
00000626,001ED733,
00000627,001ED7DF,
00000628,001ED9B5,
00000629,001EDAF9,
0000062A,001EDBE5,
0000062B,001EDE55,
0000062C,001EE0D9,
0000062D,001EE461,
0000062E,001EE5DB,
0000062F,001EE87E,
00000630,001EE984,
00000631,001EF12E,
00000632,001EF3FB,
00000633,001EF7AF,
00000634,001F0078,
00000635,001F0168,
00000636,001F0DE9,
00000637,001F0E14,
00000638,001F0F77,
00000639,001F1323,
0000063A,001F1690,
0000063B,001F1710,
0000063C,001F208E,
0000063D,001F34AF,
0000063E,001F35E4,
0000063F,001F495D,
00000640,001F52B4,
00000641,001F5485,
00000642,001F54FC,
00000643,001F5663,
00000644,001F74E2,
00000645,001F8670,
00000646,001F8F11,
00000647,001FA6BD,
00000648,001FAA99,
00000649,001FAE4B,
0000064A,001FB5A0,
0000064B,001FC7C5,
0000064C,001FF00C,
0000064D,001FF458,
0000064E,001FFB71,
0000064F,00200321,
00000650,002003BE,
00000651,00201548,
00000652,00201A84,
00000653,00201BB5,
00000654,00201C28,
00000655,00201CDA,
00000656,00201DF8,
00000657,00201F46,
00000658,00202757,
00000659,0020283E,
0000065A,00202995,
0000065B,00202AB2,
0000065C,00202B78,
0000065D,00202CF1,
0000065E,00202E15,
0000065F,00202F8C,
00000660,00202F9A,
00000661,00202FA2,
00000662,00203013,
00000663,00203039,
00000664,00203114,
00000665,00203680,
00000666,00203843,
00000667,00203C21,
00000668,00203C56,
00000669,00203C67,
0000066A,00203E4F,
0000066B,002040BE,
0000066C,0020418D,
0000066D,00204191,
0000066E,00204195,
0000066F,0020438B,
00000670,00204713,
00000671,002047AB,
00000672,002049D9,
00000673,00204A0C,
00000674,00204A31,
00000675,00204EAA,
00000676,002051B5,
00000677,00205210,
00000678,002052C6,
00000679,00205597,
0000067A,0020573E,
0000067B,0020598A,
0000067C,00207CBD,
0000067D,00207D27,
0000067E,00207D8D,
0000067F,00208011,
00000680,00208262,
00000681,0020870D,
00000682,00208F8C,
00000683,00208F90,
00000684,002095FF,
00000685,00209BD1,
00000686,00209D7B,
00000687,00209DF1,
00000688,0020A302,
00000689,0020A6FD,
0000068A,0020A7D5,
0000068B,0020A8A6,
0000068C,0020ACA1,
0000068D,0020AD79,
0000068E,0020C425,
0000068F,0020E272,
00000690,00210195,
00000691,00210F93,
00000692,0021167B,
00000693,00211E7E,
00000694,002121EA,
00000695,002131A9,
00000696,002131E1,
00000697,002166DE,
00000698,0021B0A5,
00000699,0021B694,
0000069A,0021C33C,
0000069B,002221F8,
0000069C,00222692,
0000069D,00223377,
0000069E,00223AC9,
0000069F,002243CA,
000006A0,00225B28,
000006A1,00229EE6,
000006A2,0022B047,
000006A3,0022C565,
000006A4,0022DD81,
000006A5,0022DD98,
000006A6,0022E03A,
000006A7,0022E403,
000006A8,0022E71D,
000006A9,0022E7A6,
000006AA,0022E7A9,
000006AB,0022E980,
000006AC,0022EB39,
000006AD,0022EBF7,
000006AE,0022ED5A,
000006AF,0022EDB6,
000006B0,0022EE3A,
000006B1,0022F077,
000006B2,0022F0AA,
000006B3,0022F1AF,
000006B4,0022F213,
000006B5,0022F215,
000006B6,0022F3CD,
000006B7,0022F5B1,
000006B8,0022F5C8,
000006B9,0022F7E4,
000006BA,0022F7F9,
000006BB,0022F86B,
000006BC,0022FC6B,
000006BD,0022FDB2,
000006BE,0022FDD6,
000006BF,0022FEB3,
000006C0,0022FEBD,
000006C1,00230055,
000006C2,0023046E,
000006C3,00230798,
000006C4,002308AF,
000006C5,002309AC,
000006C6,00231098,
000006C7,00231102,
000006C8,0023126E,
000006C9,002314F6,
000006CA,002318E0,
000006CB,00231A6F,
000006CC,00231FB1,
000006CD,0023235C,
000006CE,002325E8,
000006CF,002328D9,
000006D0,00232B84,
000006D1,00232CEA,
000006D2,00232D27,
000006D3,00232F11,
000006D4,00233431,
000006D5,002339D7,
000006D6,00233B50,
000006D7,00233F31,
000006D8,0023478F,
000006D9,002347F1,
000006DA,00234CFA,
000006DB,00234E36,
000006DC,00234F10,
000006DD,00234F93,
000006DE,00234FD2,
000006DF,00235260,
000006E0,00235342,
000006E1,00235398,
000006E2,002356B8,
000006E3,00235710,
000006E4,00235811,
000006E5,00235902,
000006E6,00235DE5,
000006E7,002367FF,
000006E8,00237017,
000006E9,0023740F,
000006EA,0023880B,
000006EB,00238823,
000006EC,00238A12,
000006ED,00238C8A,
000006EE,0023954F,
000006EF,0023959F,
000006F0,00239B93,
000006F1,00239C29,
000006F2,00239C54,
000006F3,00239E93,
000006F4,00239F42,
000006F5,00239FAF,
000006F6,0023A306,
000006F7,0023A96B,
000006F8,0023A975,
000006F9,0023A9BB,
000006FA,0023A9CD,
000006FB,0023A9D7,
000006FC,0023AA13,
000006FD,0023AA48,
000006FE,0023AB4B,
000006FF,0023AE9C,
00000700,0023AF0A,
00000701,0023AF63,
00000702,0023B649,
00000703,0023B7B3,
00000704,0023BA58,
00000705,0023BBD7,
00000706,0023BE42,
00000707,0023C057,
00000708,0023C25D,
00000709,0023C313,
0000070A,0023C63E,
0000070B,0023C687,
0000070C,0023C6BA,
0000070D,0023C735,
0000070E,0023C739,
0000070F,0023C7E4,
00000710,0023C814,
00000711,0023C96A,
00000712,0023CAFF,
00000713,0023CB2E,
00000714,0023CB79,
00000715,0023CD94,
00000716,0023CEB4,
00000717,0023CF31,
00000718,0023D0C9,
00000719,0023D216,
0000071A,0023D55A,
0000071B,0023D69C,
0000071C,0023D6B0,
0000071D,0023D7B8,
0000071E,0023D8A6,
0000071F,0023DCCF,
00000720,0023DDCB,
00000721,0023DE68,
00000722,0023DEAD,
00000723,0023DF56,
00000724,0023E089,
00000725,0023E0E9,
00000726,0023E1BF,
00000727,0023E513,
00000728,0023E549,
00000729,0023E5B4,
0000072A,0023E674,
0000072B,0023E797,
0000072C,0023E933,
0000072D,0023EA4F,
0000072E,0023EB37,
0000072F,0023F134,
00000730,0023F36E,
00000731,0023F37F,
00000732,0023F3D1,
00000733,0023F4B9,
00000734,0023F83C,
00000735,0023FA33,
00000736,0023FA34,
00000737,0023FA7A,
00000738,0023FE41,
00000739,0023FFB5,
0000073A,0024009B,
0000073B,002400B0,
0000073C,00240214,
0000073D,0024024A,
0000073E,002403B1,
0000073F,0024058C,
00000740,0024068A,
00000741,002407F4,
00000742,002408CC,
00000743,0024097F,
00000744,00240D5E,
00000745,0024100D,
00000746,002410C7,
00000747,00241172,
00000748,00241179,
00000749,002413B3,
0000074A,00241444,
0000074B,00241445,
0000074C,00241453,
0000074D,0024145A,
0000074E,002414F1,
0000074F,002414F2,
00000750,00241724,
00000751,00241734,
00000752,00241795,
00000753,002417C7,
00000754,00241A45,
00000755,00241B23,
00000756,00241C20,
00000757,00241C5B,
00000758,00241D60,
00000759,00241E4F,
0000075A,00241EDD,
0000075B,00241FE0,
0000075C,0024209C,
0000075D,00242137,
0000075E,0024217F,
0000075F,00242180,
00000760,002422BC,
00000761,002422D4,
00000762,002423D9,
00000763,002424CE,
00000764,002425AB,
00000765,002426BA,
00000766,002428B1,
00000767,00242A7A,
00000768,00242ACC,
00000769,00242C72,
0000076A,00242DD8,
0000076B,00242E05,
0000076C,00242E9A,
0000076D,0024321F,
0000076E,0024431D,
0000076F,00244576,
00000770,002447AB,
00000771,0024549C,
00000772,00245915,
00000773,00245C20,
00000774,0024607F,
00000775,00246171,
00000776,00246196,
00000777,002463EC,
00000778,00247015,
00000779,0024707B,
0000077A,00248040,
0000077B,002481F9,
0000077C,002487FD,
0000077D,002489CA,
0000077E,00248CED,
0000077F,002490D8,
00000780,0024945B,
00000781,00249716,
00000782,0024980E,
00000783,002498A1,
00000784,00249963,
00000785,00249971,
00000786,00249A1F,
00000787,0024A157,
00000788,0024A2B8,
00000789,0024A8C9,
0000078A,0024AA06,
0000078B,0024AC59,
0000078C,0024AF8D,
0000078D,0024B5CE,
0000078E,0024B6D2,
0000078F,0024B6E9,
00000790,0024B91F,
00000791,0024BADA,
00000792,0024BC10,
00000793,0024BCD3,
00000794,0024BCFC,
00000795,0024BD14,
00000796,0024BE14,
00000797,0024BE34,
00000798,0024C0BA,
00000799,0024C139,
0000079A,0024CA78,
0000079B,0024CAD3,
0000079C,0024CCEB,
0000079D,0024D2C4,
0000079E,0024D3AE,
0000079F,0024D844,
000007A0,0024D8FD,
000007A1,0024D980,
000007A2,0024D9C3,
000007A3,0024D9EC,
000007A4,0024D9ED,
000007A5,0024DAD1,
000007A6,0024DD9B,
000007A7,0024DDBC,
000007A8,0024DE09,
000007A9,0024DEA5,
000007AA,0024DF0E,
000007AB,0024DFD9,
000007AC,0024E30C,
000007AD,0024E69A,
000007AE,0024E7A5,
000007AF,0024EB11,
000007B0,0024EBC9,
000007B1,0024ECFA,
000007B2,0024EDA8,
000007B3,0024EE24,
000007B4,0024EED8,
000007B5,0024EFE3,
000007B6,0024F0DA,
000007B7,0024F38E,
000007B8,0024F460,
000007B9,0024F4DD,
000007BA,0024F5FF,
000007BB,0024F69E,
000007BC,0024F731,
000007BD,0024F893,
000007BE,0024F8B1,
000007BF,0024F954,
000007C0,0024FA97,
000007C1,0024FC99,
000007C2,00250281,
000007C3,002504B4,
000007C4,0025070A,
000007C5,002508CA,
000007C6,002509B7,
000007C7,00250A11,
000007C8,00250E3E,
000007C9,00250E55,
000007CA,002512FD,
000007CB,00251675,
000007CC,0025195D,
000007CD,00251962,
000007CE,0025199C,
000007CF,00251B90,
000007D0,002523C0,
000007D1,0025494B,
000007D2,00258E54,
000007D3,0025AD78,
000007D4,0025B143,
000007D5,0025B9DF,
000007D6,0025BB71,
000007D7,0025BC02,
000007D8,0025C19B,
000007D9,0025CCA6,
000007DA,0025CF0D,
000007DB,0025CF61,
000007DC,0025D175,
000007DD,0025D4F6,
000007DE,0025D78C,
000007DF,0025DAC8,
000007E0,0025E013,
000007E1,0025E521,
000007E2,0025EAB6,
000007E3,0025EBE7,
000007E4,0025F0F7,
000007E5,0025F4C8,
000007E6,0025FB3F,
000007E7,0025FC82,
000007E8,00260327,
000007E9,002606DF,
000007EA,00260A32,
000007EB,00260C0F,
000007EC,00260DEF,
000007ED,00261059,
000007EE,0026135F,
000007EF,00261711,
000007F0,00261B9B,
000007F1,0026291C,
000007F2,00262ACB,
000007F3,00262BE0,
000007F4,00262F37,
000007F5,00262F3D,
000007F6,00263289,
000007F7,00264241,
000007F8,00264580,
000007F9,002645D2,
000007FA,002645D6,
000007FB,0026584F,
000007FC,00266F57,
000007FD,0026782A,
000007FE,00268507,
000007FF,0026865C,
00000800,0026A033,
00000801,0026A044,
00000802,0026A287,
00000803,0026A3D6,
00000804,0026A4FE,
00000805,0026A708,
00000806,0026A918,
00000807,0026A949,
00000808,0026AA02,
00000809,0026AB58,
0000080A,0026ABD1,
0000080B,0026AC49,
0000080C,0026AC6F,
0000080D,0026AE4A,
0000080E,0026AF1A,
0000080F,0026BEE0,
00000810,0026BEE4,
00000811,0026BEE9,
00000812,0026BEEA,
00000813,0026BF91,
00000814,0026C462,
00000815,0026C4A1,
00000816,0026CCAE,
00000817,0026D09D,
00000818,0026D1A3,
00000819,0026D8FF,
0000081A,0026DD80,
0000081B,0026E340,
0000081C,0026E8F4,
0000081D,0026EEBA,
0000081E,0026F017,
0000081F,0026F033,
00000820,0026F4B2,
00000821,0026F5DD,
00000822,00270140,
00000823,002701A7,
00000824,0027032A,
00000825,00270472,
00000826,002704F1,
00000827,00270633,
00000828,00270DE3,
00000829,00270E0F,
0000082A,00270F16,
0000082B,002714CA,
0000082C,00271B4B,
0000082D,00271D12,
0000082E,002722A7,
0000082F,00272417,
00000830,0027245A,
00000831,0027245E,
00000832,0027283A,
00000833,0027285F,
00000834,002729BC,
00000835,002729D5,
00000836,00272AA9,
00000837,00272C0B,
00000838,00272CFF,
00000839,00272E87,
0000083A,00272F54,
0000083B,00273095,
0000083C,002730B3,
0000083D,0027310B,
0000083E,002734EE,
0000083F,00273599,
00000840,002736AB,
00000841,0027375D,
00000842,0027394B,
00000843,00273C4D,
00000844,00273C83,
00000845,00273F68,
00000846,002741FB,
00000847,0027427C,
00000848,002747C2,
00000849,002749C6,
0000084A,00274A48,
0000084B,00274AC9,
0000084C,00275073,
0000084D,00275208,
0000084E,00275B74,
0000084F,00275D81,
00000850,00275DED,
00000851,00276036,
00000852,00276215,
00000853,002762DB,
00000854,00276317,
00000855,00276470,
00000856,002764A2,
00000857,00276511,
00000858,002766B1,
00000859,002766C5,
0000085A,002766DF,
0000085B,00276A60,
0000085C,0027787B,
0000085D,00278527,
0000085E,002788E9,
0000085F,00278DDD,
00000860,002793C9,
00000861,00279D8F,
00000862,00279F56,
00000863,0027A17B,
00000864,0027A2B8,
00000865,0027A31A,
00000866,0027A379,
00000867,0027A421,
00000868,0027A46E,
00000869,0027A7F6,
0000086A,0027A8CF,
0000086B,0027A957,
0000086C,0027ABB0,
0000086D,0027ABFD,
0000086E,0027AC5C,
0000086F,0027AC82,
00000870,0027AC8B,
00000871,0027AE58,
00000872,0027AE5C,
00000873,0027AEEC,
00000874,0027AF10,
00000875,0027B011,
00000876,0027B036,
00000877,0027B06B,
00000878,0027B0E1,
00000879,0027B1F4,
0000087A,0027CF0A,
0000087B,0027CF8A,
0000087C,0027ED0D,
0000087D,002AE1BB,
0000087E,002AE4C1,
0000087F,002AE567,
00000880,002AE8FC,
00000881,002AF244,
00000882,002B028C,
00000883,002B05CC,
00000884,002B0B39,
00000885,002B0E44,
00000886,002B119E,
00000887,002B1ABB,
00000888,002B1BAF,
00000889,002B264B,
0000088A,002B2771,
0000088B,002B2818,
0000088C,002B2C06,
0000088D,002B2CBD,
0000088E,002B3A99,
0000088F,002B3AFF,
00000890,002B3BCC,
00000891,002B3DD0,
00000892,002B3F9B,
00000893,002B44F4,
00000894,002B46A0,
00000895,002B48C0,
00000896,002B4947,
00000897,002B4BFA,
00000898,002B4C77,
00000899,002B4D51,
0000089A,002B4DBB,
0000089B,002B4F8F,
0000089C,002B50CC,
0000089D,002B52A8,
0000089E,002B54AB,
0000089F,002B5518,
000008A0,002B55F8,
000008A1,002B56B2,
000008A2,002B5704,
000008A3,002B5837,
000008A4,002B5904,
000008A5,002B5982,
000008A6,002B598C,
000008A7,002B5A31,
000008A8,002B5A4F,
000008A9,002B5A61,
000008AA,002B5A93,
000008AB,002B5C13,
000008AC,002B5ED8,
000008AD,002B6269,
000008AE,002B629A,
000008AF,002B688A,
000008B0,002B6925,
000008B1,002B6927,
000008B2,002B6973,
000008B3,002B6A2E,
000008B4,002B6A72,
000008B5,002B6FD4,
000008B6,002B6FF0,
000008B7,002B7060,
000008B8,002B730F,
000008B9,002B7359,
000008BA,002B7377,
000008BB,002B8F69,
000008BC,002B901B,
000008BD,002B9026,
000008BE,002B9092,
000008BF,002B90B3,
000008C0,002B90C9,
000008C1,002B923A,
000008C2,002B92CD,
000008C3,002B9366,
000008C4,002B9529,
000008C5,002B96F2,
000008C6,002B97DC,
000008C7,002B9829,
000008C8,002B98AA,
000008C9,002B9A10,
000008CA,002BAC79,
000008CB,002BACF7,
000008CC,002BAD8E,
000008CD,002BAE02,
000008CE,002BB52E,
000008CF,002BB52F,
000008D0,002BBB6C,
000008D1,002BBC02,
000008D2,002BBD2B,
000008D3,002BC032,
000008D4,002BCB71,
000008D5,002BCD3C,
000008D6,002BCF66,
000008D7,002BD354,
000008D8,002BD512,
000008D9,002BD522,
000008DA,002BD6DE,
000008DB,002BD7FD,
000008DC,002BD83F,
000008DD,002BDCD2,
000008DE,002BDFFC,
000008DF,002BE09E,
000008E0,002BEA14,
000008E1,002BEA22,
000008E2,002BEDFC,
000008E3,002BEFCC,
000008E4,002BF1F6,
000008E5,002BF236,
000008E6,002BF4BD,
000008E7,002BF70B,
000008E8,002BF868,
000008E9,002BF8AF,
000008EA,002BF8EA,
000008EB,002BF964,
000008EC,002BFA63,
000008ED,002BFBB2,
000008EE,002BFC36,
000008EF,002BFD50,
000008F0,002BFD63,
000008F1,002BFE7E,
000008F2,002BFFE1,
000008F3,002C00CD,
000008F4,002C025D,
000008F5,002C068F,
000008F6,002C075E,
000008F7,002C076F,
000008F8,002C0774,
000008F9,002C080F,
000008FA,002C0897,
000008FB,002C096D,
000008FC,002C0D46,
000008FD,002C0E49,
000008FE,002C1021,
000008FF,002C2A75,
00000900,002C2F3F,
00000901,002C33F3,
00000902,002C340D,
00000903,002C3C63,
00000904,002C4030,
00000905,002C5847,
00000906,002C5B0E,
00000907,002C61AD,
00000908,002C666C,
00000909,002C6746,
0000090A,002C72DA,
0000090B,002C7411,
0000090C,002C744D,
0000090D,002C79F4,
0000090E,002C7ACF,
0000090F,002C7B99,
00000910,002C7D66,
00000911,002C7D9D,
00000912,002C7E08,
00000913,002C7F6B,
00000914,002C80F3,
00000915,002C8179,
00000916,002C819F,
00000917,002C81FE,
00000918,002C8215,
00000919,002C82E0,
0000091A,002C833A,
0000091B,002C8445,
0000091C,002C8454,
0000091D,002C8A0A,
0000091E,002C8AD7,
0000091F,002C8BB0,
00000920,002C8C6E,
00000921,002C91AF,
00000922,002C94BB,
00000923,002CA045,
00000924,002CB8EB,
00000925,002CBBEB,
00000926,002CE8B7,
00000927,002CED6E,
00000928,002D253F,
00000929,002D3189,
0000092A,002D442C,
0000092B,002D488B,
0000092C,002D50BF,
0000092D,002D512D,
0000092E,002D527F,
0000092F,002D5338,
00000930,002D54E6,
00000931,002D5519,
00000932,002D5575,
00000933,002D55E7,
00000934,002D58F9,
00000935,002D592E,
00000936,002D5BA8,
00000937,002D5D39,
00000938,002D5D55,
00000939,002D6055,
0000093A,002D61C6,
0000093B,002D62B6,
0000093C,002D652E,
0000093D,002D65AD,
0000093E,002D734C,
0000093F,002D74AD,
00000940,002D75AA,
00000941,002D75E5,
00000942,002D76A0,
00000943,002D7731,
00000944,002D7868,
00000945,002D794B,
00000946,002D7AA8,
00000947,002D7AB1,
00000948,002D7C1B,
00000949,002D7C25,
0000094A,002D7D17,
0000094B,002D7E1C,
0000094C,002D7E40,
0000094D,002D7F1B,
0000094E,002D802A,
0000094F,002D8068,
00000950,002D81FC,
00000951,002D8381,
00000952,002D840C,
00000953,002D8E5C,
00000954,002D9019,
00000955,002D9040,
00000956,002D9263,
00000957,002D9405,
00000958,002D95E4,
00000959,002D9BF1,
0000095A,002D9D9A,
0000095B,002DA317,
0000095C,002DA3FF,
0000095D,002DA538,
0000095E,002DA592,
0000095F,002DA6D0,
00000960,002DA872,
00000961,002DA89C,
00000962,002DAA2E,
00000963,002DAAA7,
00000964,002DAC00,
00000965,002DAC15,
00000966,002DAC7A,
00000967,002DAD3D,
00000968,002DAE61,
00000969,002DAE74,
0000096A,002DAEA8,
0000096B,002DB269,
0000096C,002DB5B4,
0000096D,002DB5CF,
0000096E,002DB6F3,
0000096F,002DB83B,
00000970,002DB8D6,
00000971,002DB9BF,
00000972,002DB9FF,
00000973,002DBC54,
00000974,002DBC55,
00000975,002DBC71,
00000976,002DBD02,
00000977,002DBDDC,
00000978,002DBF26,
00000979,002DC0E2,
0000097A,002DC124,
0000097B,002DC1AB,
0000097C,002DC1B5,
0000097D,002DC1F2,
0000097E,002DC2D6,
0000097F,002DC418,
00000980,002DC515,
00000981,002DC52C,
00000982,002DC5E5,
00000983,002DC5F0,
00000984,002DC656,
00000985,002DC663,
00000986,002DC72A,
00000987,002DC735,
00000988,002DC8FC,
00000989,002DC921,
0000098A,002DC9C2,
0000098B,002DC9ED,
0000098C,002DCA40,
0000098D,002DCA43,
0000098E,002DCA4C,
0000098F,002DCAA9,
00000990,002DCB2E,
00000991,002DCC71,
00000992,002DCD15,
00000993,002DCD1F,
00000994,002DCD41,
00000995,002DCE5B,
00000996,002DCE98,
00000997,002DCF6C,
00000998,002DCF72,
00000999,002DCF87,
0000099A,002DCF9B,
0000099B,002DD2BA,
0000099C,002DD3F2,
0000099D,002DD43F,
0000099E,002DD456,
0000099F,002DD4CA,
000009A0,002DD5DB,
000009A1,002DD92E,
000009A2,002DD9B5,
000009A3,002DD9D2,
000009A4,002DDB70,
000009A5,002DDD43,
000009A6,002DDEE4,
000009A7,002DE0AD,
000009A8,002DE164,
000009A9,002DE326,
000009AA,002DE6A2,
000009AB,002DE918,
000009AC,002DE95A,
000009AD,002DE9A5,
000009AE,002DE9BE,
000009AF,002DED17,
000009B0,002DEDB5,
000009B1,002DEDC7,
000009B2,002DEEAD,
000009B3,002DF15B,
000009B4,002DF22A,
000009B5,002DF73C,
000009B6,002E006B,
000009B7,002E00C2,
000009B8,002E00DC,
000009B9,002E039F,
000009BA,002E03E4,
000009BB,002E142E,
000009BC,002E148C,
000009BD,002E1558,
000009BE,002E1596,
000009BF,002E159E,
000009C0,002E15CF,
000009C1,002E16B3,
000009C2,002E1778,
000009C3,002E18BA,
000009C4,002E18BB,
000009C5,002E1B85,
000009C6,002E1C13,
000009C7,002E1CB5,
000009C8,002E1D35,
000009C9,002E1E18,
000009CA,002E2258,
000009CB,002E2632,
000009CC,002E2908,
000009CD,002E2F92,
000009CE,002E30A0,
000009CF,002E3212,
000009D0,002E3242,
000009D1,002E348B,
000009D2,002E3C92,
000009D3,002E4098,
000009D4,002E4131,
000009D5,002E41A0,
000009D6,002E423E,
000009D7,002E4308,
000009D8,002E4590,
000009D9,002E46D7,
000009DA,002E47D3,
000009DB,002E499F,
000009DC,002E49BA,
000009DD,002E4A49,
000009DE,002E4AAA,
000009DF,002E4ACE,
000009E0,002E4BAE,
000009E1,002E4C42,
000009E2,002E4CC4,
000009E3,002E4CD2,
000009E4,002E4D66,
000009E5,002E4D6D,
000009E6,002E4E38,
000009E7,002E4E9F,
000009E8,002E4EA1,
000009E9,002E4F43,
000009EA,002E506A,
000009EB,002E5086,
000009EC,002E5121,
000009ED,002E519C,
000009EE,002E51AA,
000009EF,002E525B,
000009F0,002E5392,
000009F1,002E5463,
000009F2,002E5474,
000009F3,002E55A3,
000009F4,002E55C9,
000009F5,002E57FD,
000009F6,002E5855,
000009F7,002E591B,
000009F8,002E592B,
000009F9,002E592F,
000009FA,002E5933,
000009FB,002E5939,
000009FC,002E5977,
000009FD,002E59A1,
000009FE,002E5D82,
000009FF,002E5DD9,
00000A00,002E6086,
00000A01,002E616F,
00000A02,002E6312,
00000A03,002E6366,
00000A04,002E6387,
00000A05,002E64B3,
00000A06,002E670C,
00000A07,002E6B60,
00000A08,002E6EE6,
00000A09,002E7081,
00000A0A,002E712C,
00000A0B,002E7130,
00000A0C,002E71E0,
00000A0D,002E72CC,
00000A0E,002E7382,
00000A0F,002E73A9,
00000A10,002E746B,
00000A11,002E75C6,
00000A12,002E75E6,
00000A13,002E790B,
00000A14,002E791D,
00000A15,002E7A8C,
00000A16,002E7E11,
00000A17,002E8199,
00000A18,002E8BEB,
00000A19,002E9172,
00000A1A,002E937F,
00000A1B,002E9383,
00000A1C,002E9897,
00000A1D,002E994C,
00000A1E,002E9D28,
00000A1F,002E9D6D,
00000A20,002E9DE6,
00000A21,002EA158,
00000A22,002EA476,
00000A23,002EA4E5,
00000A24,002EA574,
00000A25,002EA75C,
00000A26,002EAA02,
00000A27,002EAA70,
00000A28,002EAB7B,
00000A29,002EB21C,
00000A2A,002EB4D9,
00000A2B,002EB6E7,
00000A2C,002EB9AF,
00000A2D,002EBB52,
00000A2E,002EBFA1,
00000A2F,002EC0CE,
00000A30,002ECB82,
00000A31,002ECE07,
00000A32,002EDAF0,
00000A33,002EDD57,
00000A34,002EE3D3,
00000A35,002EF176,
00000A36,002EF3D2,
00000A37,002EF47B,
00000A38,002EF68C,
00000A39,002EF758,
00000A3A,002EF796,
00000A3B,002EFA2A,
00000A3C,002EFAE5,
00000A3D,002EFB9D,
00000A3E,002EFCEC,
00000A3F,002EFDD0,
00000A40,002EFF38,
00000A41,002EFF66,
00000A42,002F0882,
00000A43,002F08C2,
00000A44,002F0908,
00000A45,002F098E,
00000A46,002F0A63,
00000A47,002F0AB0,
00000A48,002F0ACA,
00000A49,002F0B8F,
00000A4A,002F0C3E,
00000A4B,002F0D28,
00000A4C,002F0E65,
00000A4D,002F0E7D,
00000A4E,002F1048,
00000A4F,002F1191,
00000A50,002F1353,
00000A51,002F1389,
00000A52,002F13E4,
00000A53,002F15B6,
00000A54,002F15CB,
00000A55,002F15DA,
00000A56,002F1730,
00000A57,002F1A78,
00000A58,002F1C5A,
00000A59,002F1D34,
00000A5A,002F1DB1,
00000A5B,002F1F60,
00000A5C,002F1FB6,
00000A5D,002F2089,
00000A5E,002F227D,
00000A5F,002F22A7,
00000A60,002F22B2,
00000A61,002F2322,
00000A62,002F249F,
00000A63,002F24E2,
00000A64,002F2537,
00000A65,002F2557,
00000A66,002F25FB,
00000A67,002F268F,
00000A68,002F282B,
00000A69,002F2AA7,
00000A6A,002F2C4C,
00000A6B,002F2E9B,
00000A6C,002F2E9C,
00000A6D,002F2F62,
00000A6E,002F3012,
00000A6F,002F34F9,
00000A70,002F38ED,
00000A71,002F3CD2,
00000A72,002F3F60,
00000A73,002F4005,
00000A74,002F494F,
00000A75,002F4994,
00000A76,002F4A8E,
00000A77,002F4B83,
00000A78,002F4BA1,
00000A79,002F4C47,
00000A7A,002F4FB2,
00000A7B,002F53DE,
00000A7C,002F5957,
00000A7D,002F5B88,
00000A7E,002F5BC2,
00000A7F,002F60DC,
00000A80,002F6163,
00000A81,002F6487,
00000A82,002F6563,
00000A83,002F6567,
00000A84,002F6708,
00000A85,002F677F,
00000A86,002F680F,
00000A87,002F6945,
00000A88,002F6A43,
00000A89,002F6B75,
00000A8A,002F6BDB,
00000A8B,002F6D2D,
00000A8C,002F7027,
00000A8D,002F70DB,
00000A8E,002F70E4,
00000A8F,002F71A2,
00000A90,002F722E,
00000A91,002F7DA3,
00000A92,002F7DE7,
00000A93,002F7E45,
00000A94,002F7EC8,
00000A95,002F8085,
00000A96,002F81CA,
00000A97,002F844C,
00000A98,002F85BB,
00000A99,002F8604,
00000A9A,002F863E,
00000A9B,002F864C,
00000A9C,002F864E,
00000A9D,002F8681,
00000A9E,002F8706,
00000A9F,002F8BE1,
00000AA0,002F93DA,
00000AA1,002F941A,
00000AA2,002F941C,
00000AA3,002F9647,
00000AA4,002F9845,
00000AA5,002F985E,
00000AA6,002F986F,
00000AA7,002F9F99,
00000AA8,002FA38B,
00000AA9,002FA598,
00000AAA,002FA9A5,
00000AAB,002FABE8,
00000AAC,002FAEDB,
00000AAD,002FB239,
00000AAE,002FB3FE,
00000AAF,002FB6DA,
00000AB0,002FB941,
00000AB1,002FBB18,
00000AB2,002FBBF3,
00000AB3,002FBD5C,
00000AB4,002FBDE1,
00000AB5,002FBFD5,
00000AB6,002FC067,
00000AB7,002FC22B,
00000AB8,002FC323,
00000AB9,002FC396,
00000ABA,002FC4F0,
00000ABB,002FC540,
00000ABC,002FC603,
00000ABD,002FC608,
00000ABE,002FC613,
00000ABF,002FC885,
00000AC0,002FC956,
00000AC1,002FCB12,
00000AC2,002FCD7E,
00000AC3,002FCD91,
00000AC4,002FCE51,
00000AC5,002FCF6B,
00000AC6,002FD051,
00000AC7,002FD0D9,
00000AC8,002FD147,
00000AC9,002FD166,
00000ACA,002FD1ED,
00000ACB,002FD24E,
00000ACC,002FD3A6,
00000ACD,002FD40C,
00000ACE,002FD542,
00000ACF,002FD651,
00000AD0,002FD6D1,
00000AD1,002FD8D5,
00000AD2,002FD9C1,
00000AD3,002FDC57,
00000AD4,002FDF71,
00000AD5,002FE006,
00000AD6,002FE185,
00000AD7,002FE5F1,
00000AD8,002FE6F0,
00000AD9,002FE84A,
00000ADA,002FE9F5,
00000ADB,002FEBE1,
00000ADC,002FEDE9,
00000ADD,002FF025,
00000ADE,002FF02A,
00000ADF,002FF035,
00000AE0,002FF0AE,
00000AE1,002FF7C1,
00000AE2,002FFC0F,
00000AE3,00300247,
00000AE4,003019DC,
00000AE5,00303744,
00000AE6,0030411D,
00000AE7,003061F9,
00000AE8,00306626,
00000AE9,00306752,
00000AEA,0030681B,
00000AEB,00306890,
00000AEC,00306C24,
00000AED,00307AE2,
00000AEE,0030850F,
00000AEF,0030858A,
00000AF0,00309A11,
00000AF1,0030A23E,
00000AF2,0030A562,
00000AF3,0030A726,
00000AF4,0030A7E8,
00000AF5,0030A907,
00000AF6,0030AA19,
00000AF7,0030AA61,
00000AF8,0030AAFA,
00000AF9,0030ABC8,
00000AFA,0030ABED,
00000AFB,0030AC3B,
00000AFC,0030AC49,
00000AFD,0030AD24,
00000AFE,0030ADDD,
00000AFF,0030AE76,
00000B00,0030AFBC,
00000B01,0030B42C,
00000B02,0030B47C,
00000B03,0030B491,
00000B04,0030B70B,
00000B05,0030BBFD,
00000B06,0030BD3B,
00000B07,0030CB70,
00000B08,0030D0B5,
00000B09,0030D45E,
00000B0A,0030D90A,
00000B0B,0030E235,
00000B0C,0030F01B,
00000B0D,00310651,
00000B0E,003106D1,
00000B0F,00311967,
00000B10,00311F49,
00000B11,003137BA,
00000B12,00313EF4,
00000B13,00314F1B,
00000B14,00316FDE,
00000B15,00317078,
00000B16,00317D72,
00000B17,003191A9,
00000B18,00319586,
00000B19,0031958D,
00000B1A,00319904,
00000B1B,003199CF,
00000B1C,00319C69,
00000B1D,00319D9A,
00000B1E,00319DB7,
00000B1F,00319DE3,
00000B20,00319DE6,
00000B21,00319E04,
00000B22,00319EBA,
00000B23,0031A09F,
00000B24,0031A12C,
00000B25,0031A6F4,
00000B26,0031A7CF,
00000B27,0031A911,
00000B28,0031AA24,
00000B29,0031AC45,
00000B2A,0031ACCA,
00000B2B,0031AD9D,
00000B2C,0031B0A7,
00000B2D,0031B158,
00000B2E,0031B18E,
00000B2F,0031B218,
00000B30,0031B4FA,
00000B31,0031B9B7,
00000B32,0031BB1C,
00000B33,0031BBDF,
00000B34,0031BD9E,
00000B35,0031CAA7,
00000B36,0031CB5A,
00000B37,0031CC6A,
00000B38,0031CE45,
00000B39,0031D016,
00000B3A,0031D26F,
00000B3B,0031D34E,
00000B3C,0031D5AF,
00000B3D,0031D5D5,
00000B3E,0031D824,
00000B3F,0031DAE7,
00000B40,0031DEC3,
00000B41,0031E3C9,
00000B42,0031E4D3,
00000B43,0031E7DD,
00000B44,0031E984,
00000B45,0031EB5B,
00000B46,0031EE2D,
00000B47,0031EF7E,
00000B48,0031F0FB,
00000B49,0031F1BE,
00000B4A,0031F1D0,
00000B4B,0031F459,
00000B4C,0031FCBA,
00000B4D,0031FE6B,
00000B4E,0031FF7E,
00000B4F,0032027D,
00000B50,003203C9,
00000B51,003203DA,
00000B52,00320881,
00000B53,00320C03,
00000B54,00320ECF,
00000B55,0032155D,
00000B56,00321784,
00000B57,003217E8,
00000B58,003219EB,
00000B59,00321B07,
00000B5A,00321D6A,
00000B5B,00321E1A,
00000B5C,00321E59,
00000B5D,0032227B,
00000B5E,003225AE,
00000B5F,003235F8,
00000B60,00323850,
00000B61,00323956,
00000B62,00323AA3,
00000B63,00323B8A,
00000B64,00323F04,
00000B65,00323F8B,
00000B66,00324013,
00000B67,003240AF,
00000B68,00324243,
00000B69,003244B2,
00000B6A,003245D9,
00000B6B,003246AE,
00000B6C,0032470A,
00000B6D,003247D5,
00000B6E,0032498D,
00000B6F,00324A06,
00000B70,00324B1B,
00000B71,00324C66,
00000B72,00324C7E,
00000B73,00325000,
00000B74,00325102,
00000B75,00325146,
00000B76,003252A4,
00000B77,00325378,
00000B78,0032546B,
00000B79,0032547C,
00000B7A,00325546,
00000B7B,00326185,
00000B7C,003263D7,
00000B7D,0032646C,
00000B7E,00326615,
00000B7F,003267A9,
00000B80,0032698A,
00000B81,003269AB,
00000B82,003269F9,
00000B83,00326C47,
00000B84,00326DAA,
00000B85,00326E61,
00000B86,0032729E,
00000B87,003274AA,
00000B88,003274DC,
00000B89,003275D9,
00000B8A,003276C0,
00000B8B,0032777F,
00000B8C,0032787E,
00000B8D,00327ACF,
00000B8E,00327EAE,
00000B8F,00327F40,
00000B90,00328197,
00000B91,003289D1,
00000B92,00329D4B,
00000B93,0032AB45,
00000B94,0032BD51,
00000B95,0032C342,
00000B96,0032C38A,
00000B97,0032C6B9,
00000B98,0032C6CD,
00000B99,0032CCD3,
00000B9A,0032CE47,
00000B9B,0032D309,
00000B9C,0032D4C8,
00000B9D,0032D4E5,
00000B9E,0032D57A,
00000B9F,0032D5CE,
00000BA0,0032D83E,
00000BA1,0032D974,
00000BA2,0032DA7E,
00000BA3,0032DB23,
00000BA4,0032DE0C,
00000BA5,0032DEE3,
00000BA6,0032E1C3,
00000BA7,0032E4F3,
00000BA8,0032E513,
00000BA9,0032E574,
00000BAA,0032E5B2,
00000BAB,0032E819,
00000BAC,0032E996,
00000BAD,0032E9CA,
00000BAE,0032E9E5,
00000BAF,0032EB5B,
00000BB0,0032EB9A,
00000BB1,0032EBB3,
00000BB2,0032EC3B,
00000BB3,0032EC6D,
00000BB4,0032ECA1,
00000BB5,0032EE31,
00000BB6,0032EE4D,
00000BB7,0032F3CA,
00000BB8,0032F518,
00000BB9,0032F5A6,
00000BBA,0032FA01,
00000BBB,0032FB77,
00000BBC,00330A38,
00000BBD,00330ADE,
00000BBE,00330D29,
00000BBF,00331362,
00000BC0,003314AA,
00000BC1,00331515,
00000BC2,00331DDB,
00000BC3,00333549,
00000BC4,00333665,
00000BC5,00333753,
00000BC6,00333B70,
00000BC7,00333DBE,
00000BC8,00333F79,
00000BC9,00334442,
00000BCA,003345B0,
00000BCB,00334700,
00000BCC,0033499E,
00000BCD,00334CAE,
00000BCE,00334E1F,
00000BCF,00334FC8,
00000BD0,00335281,
00000BD1,00335822,
00000BD2,00335C38,
00000BD3,00336034,
00000BD4,0033668A,
00000BD5,00336724,
00000BD6,00336868,
00000BD7,00336FEB,
00000BD8,003377A0,
00000BD9,003377F3,
00000BDA,0033786D,
00000BDB,0033795F,
00000BDC,00337DEF,
00000BDD,00337E33,
00000BDE,00337EE9,
00000BDF,003384B8,
00000BE0,003387CD,
00000BE1,00338CE8,
00000BE2,003395ED,
00000BE3,00339656,
00000BE4,003397F3,
00000BE5,00339898,
00000BE6,0033A21D,
00000BE7,0033A3B3,
00000BE8,0033A4F6,
00000BE9,0033AB37,
00000BEA,0033ACE2,
00000BEB,0033AE02,
00000BEC,0033AE76,
00000BED,0033AF43,
00000BEE,0033AFEE,
00000BEF,0033B424,
00000BF0,0033B5D8,
00000BF1,0033B5E6,
00000BF2,0033B7D4,
00000BF3,0033BB53,
00000BF4,0033BDA4,
00000BF5,0033BECE,
00000BF6,0033C1BE,
00000BF7,0033C389,
00000BF8,0033C586,
00000BF9,0033CB3C,
00000BFA,0033CC58,
00000BFB,0033CC89,
00000BFC,0033CD20,
00000BFD,0033CF8B,
00000BFE,0033D06C,
00000BFF,0033D120,
00000C00,0033D204,
00000C01,0033D207,
00000C02,0033D32F,
00000C03,0033D46E,
00000C04,0033D990,
00000C05,0033DB62,
00000C06,0033DC8B,
00000C07,0033DDD7,
00000C08,0033DE56,
00000C09,0033DE64,
00000C0A,0033DEFD,
00000C0B,0033DF19,
00000C0C,0033E1AF,
00000C0D,0033E200,
00000C0E,0033E37B,
00000C0F,0033E3DD,
00000C10,0033E600,
00000C11,0033E66B,
00000C12,0033E753,
00000C13,0033E829,
00000C14,0033E88E,
00000C15,0033E88F,
00000C16,0033E89A,
00000C17,0033E8F0,
00000C18,0033E9A6,
00000C19,0033E9DD,
00000C1A,0033EA1C,
00000C1B,0033EA26,
00000C1C,0033EB01,
00000C1D,0033ED1D,
00000C1E,0033ED66,
00000C1F,0033ED6D,
00000C20,0033EDCD,
00000C21,0033EE2C,
00000C22,0033EE31,
00000C23,0033EEEC,
00000C24,0033EF4F,
00000C25,0033F088,
00000C26,0033F17E,
00000C27,0033F33B,
00000C28,0033FAD1,
00000C29,0033FB29,
00000C2A,0033FC41,
00000C2B,0033FCCC,
00000C2C,0033FF1D,
00000C2D,0033FFFD,
00000C2E,00340259,
00000C2F,00340338,
00000C30,00340374,
00000C31,0034037E,
00000C32,00340382,
00000C33,0034039B,
00000C34,003403D7,
00000C35,00340422,
00000C36,00340442,
00000C37,00340479,
00000C38,003404D0,
00000C39,003405C4,
00000C3A,0034067A,
00000C3B,003406AA,
00000C3C,003406D8,
00000C3D,00340703,
00000C3E,003407AA,
00000C3F,00340884,
00000C40,0034089C,
00000C41,00340938,
00000C42,00340A24,
00000C43,00340C29,
00000C44,00340C5E,
00000C45,00340C71,
00000C46,00340D29,
00000C47,00340F52,
00000C48,0034107F,
00000C49,00341354,
00000C4A,00341419,
00000C4B,003416C0,
00000C4C,00341861,
00000C4D,003418A7,
00000C4E,003418B6,
00000C4F,00341930,
00000C50,00341BCC,
00000C51,00341C81,
00000C52,00341D27,
00000C53,00342037,
00000C54,00342143,
00000C55,00342265,
00000C56,00342343,
00000C57,003428D8,
00000C58,00342DF4,
00000C59,0034324D,
00000C5A,00343333,
00000C5B,00343381,
00000C5C,00343390,
00000C5D,003436DD,
00000C5E,00343A37,
00000C5F,00343C54,
00000C60,00343D40,
00000C61,00343DD9,
00000C62,00343E27,
00000C63,00343F67,
00000C64,00343FC3,
00000C65,00344023,
00000C66,003442D0,
00000C67,003443CB,
00000C68,00344509,
00000C69,003446AE,
00000C6A,003447C0,
00000C6B,00344979,
00000C6C,00344C2B,
00000C6D,00344CA8,
00000C6E,00344E48,
00000C6F,003450E5,
00000C70,00345307,
00000C71,00345598,
00000C72,003455CF,
00000C73,00346462,
00000C74,00346C4D,
00000C75,00346C8F,
00000C76,00346C90,
00000C77,00346D07,
00000C78,00346DA3,
00000C79,00346DC9,
00000C7A,00346DEF,
00000C7B,00346EA7,
00000C7C,00346EBC,
00000C7D,00346F0D,
00000C7E,00346F14,
00000C7F,00347211,
00000C80,0034730E,
00000C81,00347349,
00000C82,003475CF,
00000C83,003475E3,
00000C84,0034786A,
00000C85,00347CE1,
00000C86,00347DC5,
00000C87,00347DC7,
00000C88,00347E67,
00000C89,00347F43,
00000C8A,00348021,
00000C8B,00348022,
00000C8C,00348340,
00000C8D,00348429,
00000C8E,003486B6,
00000C8F,003486C0,
00000C90,003487B8,
00000C91,0034881E,
00000C92,00348B10,
00000C93,00348E06,
00000C94,00348EE2,
00000C95,00349004,
00000C96,003491FC,
00000C97,00349203,
00000C98,00349317,
00000C99,003493BC,
00000C9A,003495DE,
00000C9B,003496C9,
00000C9C,00349790,
00000C9D,003497B4,
00000C9E,00349877,
00000C9F,003498F1,
00000CA0,003499C6,
00000CA1,00349A42,
00000CA2,00349C94,
00000CA3,00349D6D,
00000CA4,00349E55,
00000CA5,00349F6B,
00000CA6,00349F71,
00000CA7,0034A1D8,
00000CA8,0034A2E1,
00000CA9,0034A449,
00000CAA,0034A46F,
00000CAB,0034A49C,
00000CAC,0034A4BA,
00000CAD,0034A950,
00000CAE,0034AA4F,
00000CAF,0034AAAF,
00000CB0,0034AABB,
00000CB1,0034AB81,
00000CB2,0034B105,
00000CB3,0034B14C,
00000CB4,0034B7BA,
00000CB5,0034B9B9,
00000CB6,0034BBA3,
00000CB7,0034BC69,
00000CB8,0034BD25,
00000CB9,0034C017,
00000CBA,0034C17B,
00000CBB,0034C304,
00000CBC,0034C31C,
00000CBD,0034C54B,
00000CBE,0034C6F4,
00000CBF,0034C857,
00000CC0,0034CA2D,
00000CC1,0034CB81,
00000CC2,0034CDCF,
00000CC3,0034CEAB,
00000CC4,0034DBD7,
00000CC5,0034E17A,
00000CC6,0034E190,
00000CC7,0034E4EA,
00000CC8,0034E715,
00000CC9,0034E75D,
00000CCA,0034E846,
00000CCB,0034E8E0,
00000CCC,0034E993,
00000CCD,0034EB0A,
00000CCE,0034ED15,
00000CCF,0034ED1F,
00000CD0,0034ED8E,
00000CD1,0034ED94,
00000CD2,0034EDDE,
00000CD3,0034FC38,
00000CD4,0034FD45,
00000CD5,0034FD75,
00000CD6,0034FF0B,
00000CD7,0035010A,
00000CD8,0035041A,
00000CD9,00352A01,
00000CDA,00352C23,
00000CDB,00352FE5,
00000CDC,003530EB,
00000CDD,003535A2,
00000CDE,003537AF,
00000CDF,00353B3D,
00000CE0,00353BDC,
00000CE1,003555EA,
00000CE2,00356A0F,
00000CE3,00358670,
00000CE4,00358A82,
00000CE5,0035911D,
00000CE6,0035952C,
00000CE7,00359634,
00000CE8,00359638,
00000CE9,003596EC,
00000CEA,00359B2B,
00000CEB,00359EE2,
00000CEC,0035A542,
00000CED,0035A80D,
00000CEE,0035AE01,
00000CEF,0035AFD4,
00000CF0,0035BB5B,
00000CF1,0035BC5D,
00000CF2,0035BE3A,
00000CF3,0035C388,
00000CF4,0035C5F3,
00000CF5,0035C71B,
00000CF6,0035C85C,
00000CF7,0035CE2F,
00000CF8,0035CFE5,
00000CF9,0035D855,
00000CFA,0035D90C,
00000CFB,0035DA83,
00000CFC,0035DC13,
00000CFD,0035DEBF,
00000CFE,0035DF39,
00000CFF,0035E449,
00000D00,0035E5D5,
00000D01,0035E60F,
00000D02,0035EB7B,
00000D03,0035FC6C,
00000D04,0035FD91,
00000D05,0035FEF6,
00000D06,0035FF08,
00000D07,00360C47,
00000D08,00360C65,
00000D09,00360E28,
00000D0A,00361640,
00000D0B,00361CE4,
00000D0C,003627CC,
00000D0D,00362D2B,
00000D0E,00363162,
00000D0F,0036348A,
00000D10,0036350D,
00000D11,00363A07,
00000D12,00363A19,
00000D13,00363C01,
00000D14,003641F5,
00000D15,00365351,
00000D16,003672E6,
00000D17,00368AB1,
00000D18,00368B0F,
00000D19,003690B5,
00000D1A,0036937C,
00000D1B,00369530,
00000D1C,003695C6,
00000D1D,0036986D,
00000D1E,003698C6,
00000D1F,0036992C,
00000D20,00369E19,
00000D21,00369E62,
00000D22,00369F74,
00000D23,0036A00B,
00000D24,0036A1DD,
00000D25,0036A281,
00000D26,0036A297,
00000D27,0036A2F5,
00000D28,0036A5B1,
00000D29,0036A7E2,
00000D2A,0036A8A7,
00000D2B,0036A8E0,
00000D2C,0036BDB5,
00000D2D,0036C72D,
00000D2E,0036C8FC,
00000D2F,0036CC50,
00000D30,0036CC81,
00000D31,0036CCDB,
00000D32,0036D392,
00000D33,0036DC6A,
00000D34,0036DE01,
00000D35,0036DEB0,
00000D36,0036DECE,
00000D37,0036DFCC,
00000D38,0036E2FF,
00000D39,0036E58A,
00000D3A,0036E5E5,
00000D3B,0036E76B,
00000D3C,0036E8A8,
00000D3D,0036E97B,
00000D3E,0036E988,
00000D3F,0036E9F0,
00000D40,0036EB3E,
00000D41,0036ED38,
00000D42,0036EDF0,
00000D43,0036EF58,
00000D44,0036F14B,
00000D45,0036F211,
00000D46,0036F24C,
00000D47,0036F271,
00000D48,0036F59C,
00000D49,0036F5BB,
00000D4A,0036F5BF,
00000D4B,0036F603,
00000D4C,0036F604,
00000D4D,0036F69B,
00000D4E,0036F703,
00000D4F,0036F775,
00000D50,0036F7CC,
00000D51,0036F9B6,
00000D52,0036FA5F,
00000D53,0036FB1B,
00000D54,0036FC0E,
00000D55,0036FC6B,
00000D56,0036FD37,
00000D57,0036FE07,
00000D58,0036FE8C,
00000D59,0037042B,
00000D5A,00370434,
00000D5B,003704A1,
00000D5C,00370AE1,
00000D5D,00370B25,
00000D5E,00370B38,
00000D5F,00370B3A,
00000D60,003710B5,
00000D61,003711D3,
00000D62,003711F4,
00000D63,003712B8,
00000D64,003714E2,
00000D65,00371790,
00000D66,00371AF4,
00000D67,00371B7E,
00000D68,00371D45,
00000D69,00371DCE,
00000D6A,00371E75,
00000D6B,00372099,
00000D6C,003727C2,
00000D6D,0037289D,
00000D6E,00372937,
00000D6F,00372D8B,
00000D70,00372D91,
00000D71,003730E8,
00000D72,00373124,
00000D73,0037324D,
00000D74,0037328F,
00000D75,003734A7,
00000D76,0037355E,
00000D77,003735B4,
00000D78,003735C4,
00000D79,00373854,
00000D7A,00373B0F,
00000D7B,00373BB4,
00000D7C,00373BFC,
00000D7D,00373C38,
00000D7E,00373C9E,
00000D7F,00373CDE,
00000D80,00373FBE,
00000D81,003741AE,
00000D82,0037441C,
00000D83,00374431,
00000D84,0037457F,
00000D85,00374676,
00000D86,00374805,
00000D87,00374A24,
00000D88,00375E43,
00000D89,00375FE4,
00000D8A,00376284,
00000D8B,00376523,
00000D8C,003769D4,
00000D8D,00376B0D,
00000D8E,00376C8C,
00000D8F,00377BF8,
00000D90,00377FE9,
00000D91,0037880A,
00000D92,00378A54,
00000D93,00378C16,
00000D94,0037A5E4,
00000D95,0037B20D,
00000D96,0037B25E,
00000D97,0037C2AF,
00000D98,0037C9E8,
00000D99,0037CA12,
00000D9A,0037D07F,
00000D9B,0037D080,
00000D9C,0037D382,
00000D9D,0037D527,
00000D9E,0037D5A9,
00000D9F,0037D605,
00000DA0,0037D633,
00000DA1,0037D6E8,
00000DA2,0037DBD5,
00000DA3,0037DF9A,
00000DA4,0037DFB7,
00000DA5,0037E5A0,
00000DA6,0037EEF9,
00000DA7,0037EF10,
00000DA8,0037EF11,
00000DA9,0037F1F7,
00000DAA,0037F4B8,
00000DAB,0037FA23,
00000DAC,0037FC1A,
00000DAD,0037FF68,
00000DAE,00380078,
00000DAF,003803C6,
00000DB0,00380911,
00000DB1,00380975,
00000DB2,00380D3F,
00000DB3,00380F05,
00000DB4,003829FD,
00000DB5,00384738,
00000DB6,00384855,
00000DB7,00384A3F,
00000DB8,00384E02,
00000DB9,00384E4E,
00000DBA,00384F2E,
00000DBB,003851CC,
00000DBC,003853B7,
00000DBD,0038548F,
00000DBE,003854C5,
00000DBF,003857C1,
00000DC0,00385841,
00000DC1,00385921,
00000DC2,00386A36,
00000DC3,00386ACD,
00000DC4,003870B0,
00000DC5,00387545,
00000DC6,00387604,
00000DC7,0038760A,
00000DC8,003876BB,
00000DC9,003876E9,
00000DCA,0038774B,
00000DCB,00387941,
00000DCC,00387CF1,
00000DCD,00387D86,
00000DCE,00387DCB,
00000DCF,00387DF6,
00000DD0,00387F11,
00000DD1,00388167,
00000DD2,00388257,
00000DD3,00388340,
00000DD4,0038843F,
00000DD5,00388458,
00000DD6,00388853,
00000DD7,00388B14,
00000DD8,00388B75,
00000DD9,00388B8E,
00000DDA,00388CD8,
00000DDB,00388F89,
00000DDC,00388FE2,
00000DDD,003890B1,
00000DDE,003895B9,
00000DDF,003898BE,
00000DE0,00389914,
00000DE1,00389980,
00000DE2,00389AA4,
00000DE3,00389CD4,
00000DE4,0038A29F,
00000DE5,0038A2FB,
00000DE6,0038A321,
00000DE7,0038A366,
00000DE8,0038A38D,
00000DE9,0038A463,
00000DEA,0038A471,
00000DEB,0038A6C4,
00000DEC,0038A804,
00000DED,0038AB78,
00000DEE,0038ADF7,
00000DEF,0038B107,
00000DF0,0038B3CC,
00000DF1,0038B446,
00000DF2,0038B76D,
00000DF3,0038BB07,
00000DF4,0038BBD0,
00000DF5,0038BEF5,
00000DF6,0038BF73,
00000DF7,0038BF90,
00000DF8,0038C2D2,
00000DF9,0038C5EB,
00000DFA,0038C6BF,
00000DFB,0038C759,
00000DFC,0038C820,
00000DFD,0038CB7E,
00000DFE,0038CC1E,
00000DFF,0038CF47,
00000E00,0038CF98,
00000E01,0038D101,
00000E02,0038D132,
00000E03,0038D35B,
00000E04,0038D4AE,
00000E05,0038D50F,
00000E06,0038D974,
00000E07,0038DB19,
00000E08,0038DC3B,
00000E09,0038E003,
00000E0A,0038E1A9,
00000E0B,0038E1C2,
00000E0C,0038E2E9,
00000E0D,0038E371,
00000E0E,0038E3A6,
00000E0F,0038E468,
00000E10,0038E660,
00000E11,0038E777,
00000E12,0038E780,
00000E13,0038E8A5,
00000E14,0038E8DC,
00000E15,0038E8F2,
00000E16,0038E93F,
00000E17,0038EFC6,
00000E18,0038F0EA,
00000E19,0038F35B,
00000E1A,0038FC06,
00000E1B,0038FC22,
00000E1C,0038FCE2,
00000E1D,003901F5,
00000E1E,003902BE,
00000E1F,003902C2,
00000E20,00390510,
00000E21,0039051E,
00000E22,0039081A,
00000E23,0039094B,
00000E24,00391070,
00000E25,003914EA,
00000E26,0039160B,
00000E27,00391623,
00000E28,003917E9,
00000E29,003919FE,
00000E2A,00391B42,
00000E2B,00391D75,
00000E2C,00392021,
00000E2D,003920AD,
00000E2E,003921E7,
00000E2F,00392223,
00000E30,00392299,
00000E31,0039229A,
00000E32,0039236A,
00000E33,003923AD,
00000E34,003925A3,
00000E35,003925DA,
00000E36,003929E9,
00000E37,00392ABD,
00000E38,00392B04,
00000E39,00392D05,
00000E3A,0039300E,
00000E3B,00393094,
00000E3C,003935B7,
00000E3D,003937F7,
00000E3E,00393C17,
00000E3F,00393E10,
00000E40,003940FD,
00000E41,00394119,
00000E42,003942A0,
00000E43,003942BD,
00000E44,003942C1,
00000E45,00394460,
00000E46,003949DF,
00000E47,00394CDB,
00000E48,00394E48,
00000E49,00395139,
00000E4A,00395147,
00000E4B,00395229,
00000E4C,00395384,
00000E4D,0039557E,
00000E4E,00395614,
00000E4F,003956AE,
00000E50,0039586E,
00000E51,00395872,
00000E52,00395886,
00000E53,00395966,
00000E54,00395BCE,
00000E55,00395C87,
00000E56,00395CA9,
00000E57,00395D23,
00000E58,00395D99,
00000E59,00395F83,
00000E5A,00395FA2,
00000E5B,00396050,
00000E5C,003964D9,
00000E5D,003965F9,
00000E5E,00396603,
00000E5F,0039671B,
00000E60,003967FC,
00000E61,0039689E,
00000E62,003968A4,
00000E63,0039698F,
00000E64,00396996,
00000E65,00396A37,
00000E66,00396AD1,
00000E67,00396C0B,
00000E68,00396D24,
00000E69,00396F6F,
00000E6A,00396FC5,
00000E6B,00397113,
00000E6C,0039732B,
00000E6D,0039737D,
00000E6E,00397413,
00000E6F,00397502,
00000E70,0039766E,
00000E71,00397B56,
00000E72,00397CF7,
00000E73,00397DCD,
00000E74,00398046,
00000E75,003989C5,
00000E76,00398B27,
00000E77,00398EB1,
00000E78,003998D4,
00000E79,003998EC,
00000E7A,00399996,
00000E7B,003999BA,
00000E7C,003999F4,
00000E7D,00399ABB,
00000E7E,00399FD4,
00000E7F,0039A2A7,
00000E80,0039A341,
00000E81,0039A6B8,
00000E82,0039AB6C,
00000E83,0039ACDF,
00000E84,0039AEE6,
00000E85,0039B077,
00000E86,0039B54C,
00000E87,0039B6EF,
00000E88,0039B95C,
00000E89,0039B999,
00000E8A,0039BF89,
00000E8B,0039C0DF,
00000E8C,0039C815,
00000E8D,0039C98A,
00000E8E,0039CC70,
00000E8F,003A0343,
00000E90,003A121C,
00000E91,003A1A8B,
00000E92,003A4F8E,
00000E93,003A6F30,
00000E94,003A6FBA,
00000E95,003A7103,
00000E96,003A7109,
00000E97,003A73E3,
00000E98,003A74E8,
00000E99,003A74FF,
00000E9A,003A76E1,
00000E9B,003A7737,
00000E9C,003A7BD9,
00000E9D,003A7CC0,
00000E9E,003A7CFB,
00000E9F,003A7CFC,
00000EA0,003A7D2A,
00000EA1,003A7D79,
00000EA2,003A7F03,
00000EA3,003A835A,
00000EA4,003A860A,
00000EA5,003A8865,
00000EA6,003A8990,
00000EA7,003A8A9C,
00000EA8,003A8FE5,
00000EA9,003A9050,
00000EAA,003A9487,
00000EAB,003A9549,
00000EAC,003A954F,
00000EAD,003A9644,
00000EAE,003A97B9,
00000EAF,003A97E0,
00000EB0,003A9AE0,
00000EB1,003AA06A,
00000EB2,003AA090,
00000EB3,003AA2E4,
00000EB4,003AA494,
00000EB5,003AA5A9,
00000EB6,003AA5DE,
00000EB7,003AA5ED,
00000EB8,003AA652,
00000EB9,003AA6D0,
00000EBA,003AA772,
00000EBB,003AAB33,
00000EBC,003AABDE,
00000EBD,003AAD88,
00000EBE,003AAD8C,
00000EBF,003AAEDC,
00000EC0,003AAF98,
00000EC1,003AB00D,
00000EC2,003AB484,
00000EC3,003AB6D9,
00000EC4,003AB76F,
00000EC5,003ABB19,
00000EC6,003ABB9A,
00000EC7,003ABBE7,
00000EC8,003ABC32,
00000EC9,003ABD17,
00000ECA,003ABDFA,
00000ECB,003ABE95,
00000ECC,003AC31A,
00000ECD,003AC37C,
00000ECE,003AC77B,
00000ECF,003AC785,
00000ED0,003AC97B,
00000ED1,003AC9A8,
00000ED2,003AC9B2,
00000ED3,003AC9DD,
00000ED4,003ACA01,
00000ED5,003ACA0D,
00000ED6,003ACA65,
00000ED7,003ACA73,
00000ED8,003ACAC8,
00000ED9,003ACAE2,
00000EDA,003ACE07,
00000EDB,003ACE25,
00000EDC,003ACF5C,
00000EDD,003AD0D0,
00000EDE,003AD0DC,
00000EDF,003AD107,
00000EE0,003AD1D5,
00000EE1,003AD216,
00000EE2,003AD287,
00000EE3,003AD337,
00000EE4,003AD55F,
00000EE5,003AD89E,
00000EE6,003AD930,
00000EE7,003ADA80,
00000EE8,003ADB02,
00000EE9,003ADE8E,
00000EEA,003AE1CA,
00000EEB,003AE402,
00000EEC,003AEA37,
00000EED,003AEAA1,
00000EEE,003AF03B,
00000EEF,003AF221,
00000EF0,003AF228,
00000EF1,003AF24C,
00000EF2,003AF5B8,
00000EF3,003AF7D4,
00000EF4,003AF7FC,
00000EF5,003AF9F1,
00000EF6,003AFDBC,
00000EF7,003B005A,
00000EF8,003B0181,
00000EF9,003B01B0,
00000EFA,003B01DB,
00000EFB,003B0233,
00000EFC,003B0ECF,
00000EFD,003B194A,
00000EFE,003B1AC5,
00000EFF,003B1B1E,
00000F00,003B1E27,
00000F01,003B1F5A,
00000F02,003B29D0,
00000F03,003B2B4D,
00000F04,003B2FAB,
00000F05,003B342A,
00000F06,003B36CF,
00000F07,003B3729,
00000F08,003B39D7,
00000F09,003B3A0D,
00000F0A,003B3B6C,
00000F0B,003B3B8D,
00000F0C,003B3C34,
00000F0D,003B3C7E,
00000F0E,003B3D02,
00000F0F,003B3FF8,
00000F10,003B3FFC,
00000F11,003B429E,
00000F12,003B438C,
00000F13,003B468B,
00000F14,003B4C7F,
00000F15,003B5021,
00000F16,003B5057,
00000F17,003B56EC,
00000F18,003B5966,
00000F19,003B5A82,
00000F1A,003B5B9F,
00000F1B,003B5F55,
00000F1C,003B6A3E,
00000F1D,003B6D4E,
00000F1E,003B6D6F,
00000F1F,003B6E14,
00000F20,003B7352,
00000F21,003B73DC,
00000F22,003B797E,
00000F23,003B79C4,
00000F24,003B7B42,
00000F25,003B8382,
00000F26,003B8AE4,
00000F27,003B8B63,
00000F28,003B8D28,
00000F29,003B8FD1,
00000F2A,003B8FDC,
00000F2B,003B948C,
00000F2C,003B9502,
00000F2D,003B9A5B,
00000F2E,003BA9AE,
00000F2F,003BAD05,
00000F30,003BB394,
00000F31,003BB496,
00000F32,003BB55A,
00000F33,003BB705,
00000F34,003BB7C3,
00000F35,003BB947,
00000F36,003BBB2B,
00000F37,003BBBAC,
00000F38,003BBCF0,
00000F39,003BC355,
00000F3A,003BC3D5,
00000F3B,003BC601,
00000F3C,003BCAC1,
00000F3D,003BCADB,
00000F3E,003BCAE6,
00000F3F,003BCB23,
00000F40,003BCB26,
00000F41,003BCC34,
00000F42,003BE071,
00000F43,003BE15A,
00000F44,003BE1F0,
00000F45,003BE62C,
00000F46,003BEA6E,
00000F47,003BEB3A,
00000F48,003BEC72,
00000F49,003BEDA0,
00000F4A,003BEDC3,
00000F4B,003C0BFD,
00000F4C,003C0DE1,
00000F4D,003C0E67,
00000F4E,003C10AF,
00000F4F,003C1115,
00000F50,003C2932,
00000F51,003C2968,
00000F52,003C2E20,
00000F53,003C2E29,
00000F54,003C2E2A,
00000F55,003C2F0A,
00000F56,003C2F0B,
00000F57,003C2F93,
00000F58,003C3131,
00000F59,003C328D,
00000F5A,003C329E,
00000F5B,003C336E,
00000F5C,003C3610,
00000F5D,003C3743,
00000F5E,003C3758,
00000F5F,003C3873,
00000F60,003C38E8,
00000F61,003C3922,
00000F62,003C39C4,
00000F63,003C3A2A,
00000F64,003C3C7D,
00000F65,003C3DC0,
00000F66,003C3DC1,
00000F67,003C3DD8,
00000F68,003C4598,
00000F69,003C45AD,
00000F6A,003C4668,
00000F6B,003C6B55,
00000F6C,003C73ED,
00000F6D,003C7548,
00000F6E,003C7625,
00000F6F,003C771C,
00000F70,003C7827,
00000F71,003C7837,
00000F72,003C785E,
00000F73,003C78AE,
00000F74,003C790D,
00000F75,003C79BE,
00000F76,003C7A92,
00000F77,003C7B1C,
00000F78,003C7C75,
00000F79,003CABC7,
00000F7A,003CB43B,
00000F7B,003CB5D3,
00000F7C,003CBB3F,
00000F7D,003CC647,
00000F7E,003CC68D,
00000F7F,003CCD5B,
00000F80,003CCF73,
00000F81,003CD074,
00000F82,003CD1C1,
00000F83,003CD711,
00000F84,003CD867,
00000F85,003CDC86,
00000F86,003CDD3B,
00000F87,003CE0D4,
00000F88,003CE0DE,
00000F89,003CE3BC,
00000F8A,003CE56D,
00000F8B,003CED40,
00000F8C,003CEF1F,
00000F8D,003CEF6A,
00000F8E,003CF520,
00000F8F,003CF654,
00000F90,003CF7AF,
00000F91,003CFAF4,
00000F92,003CFE91,
00000F93,003CFE9E,
00000F94,003CFEF4,
00000F95,003D09AD,
00000F96,003D0E0F,
00000F97,003D0E1E,
00000F98,003D0E25,
00000F99,003D0F0C,
00000F9A,003D0F5C,
00000F9B,003D112A,
00000F9C,003D136D,
00000F9D,003D13DF,
00000F9E,003D1478,
00000F9F,003D14A3,
00000FA0,003D163B,
00000FA1,003D1675,
00000FA2,003D1767,
00000FA3,003D177A,
00000FA4,003D1818,
00000FA5,003D1B73,
00000FA6,003D1D5C,
00000FA7,003D1EB7,
00000FA8,003D1EF0,
00000FA9,003D1FCA,
00000FAA,003D20A7,
00000FAB,003D20A9,
00000FAC,003D20DB,
00000FAD,003D22DC,
00000FAE,003D23F0,
00000FAF,003D2513,
00000FB0,003D25CE,
00000FB1,003D261C,
00000FB2,003D263C,
00000FB3,003D263D,
00000FB4,003D265A,
00000FB5,003D2664,
00000FB6,003D2672,
00000FB7,003D2838,
00000FB8,003D2896,
00000FB9,003D28D9,
00000FBA,003D28F9,
00000FBB,003D28FA,
00000FBC,003D2AA9,
00000FBD,003D2AD5,
00000FBE,003D2B66,
00000FBF,003D2B81,
00000FC0,003D2B90,
00000FC1,003D2BEA,
00000FC2,003D2C45,
00000FC3,003D2C80,
00000FC4,003D2D55,
00000FC5,003D2DFF,
00000FC6,003D2E30,
00000FC7,003D2E34,
00000FC8,003D2E3A,
00000FC9,003D2E70,
00000FCA,003D2F53,
00000FCB,003D2F5A,
00000FCC,003D2FBB,
00000FCD,003D3120,
00000FCE,003D315F,
00000FCF,003D320F,
00000FD0,003D3220,
00000FD1,003D33AA,
00000FD2,003D33F0,
00000FD3,003D3452,
00000FD4,003D3460,
00000FD5,003D347C,
00000FD6,003D350B,
00000FD7,003D354B,
00000FD8,003D35F6,
00000FD9,003D3732,
00000FDA,003D3803,
00000FDB,003D3875,
00000FDC,003D38B8,
00000FDD,003D38ED,
00000FDE,003D3A9F,
00000FDF,003D3B21,
00000FE0,003D3BCC,
00000FE1,003D3C85,
00000FE2,003D3CEA,
00000FE3,003D3D3C,
00000FE4,003D3E12,
00000FE5,003D3F83,
00000FE6,003D4003,
00000FE7,003D40CB,
00000FE8,003D40EF,
00000FE9,003D4178,
00000FEA,003D424E,
00000FEB,003D4266,
00000FEC,003D434E,
00000FED,003D43FC,
00000FEE,003D4443,
00000FEF,003D46B9,
00000FF0,003D4725,
00000FF1,003D4770,
00000FF2,003D4845,
00000FF3,003D48AC,
00000FF4,003D4955,
00000FF5,003D495A,
00000FF6,003D49AD,
00000FF7,003D49CA,
00000FF8,003D4A07,
00000FF9,003D4D7D,
00000FFA,003D4DD5,
00000FFB,003D4DEF,
00000FFC,003D4F6E,
00000FFD,003D5087,
00000FFE,003D50D4,
00000FFF,003D59E0,
00001000,003D5A5A,
00001001,003D5B46,
00001002,003D5CD9,
00001003,003D5F09,
00001004,003D5F0B,
00001005,003D5F73,
00001006,003D6023,
00001007,003D62BB,
00001008,003D67B4,
00001009,003D69FF,
0000100A,003D6C64,
0000100B,003D6DF1,
0000100C,003D6E23,
0000100D,003D77BB,
0000100E,003D7922,
0000100F,003D7970,
00001010,003D7D81,
00001011,003D803E,
00001012,003D80BC,
00001013,003D8224,
00001014,003D89B2,
00001015,003D8AB3,
00001016,003D8BC6,
00001017,003D8BD7,
00001018,003D91BB,
00001019,003D94C5,
0000101A,003D94C9,
0000101B,003D9D06,
0000101C,003D9FEC,
0000101D,003DA3B1,
0000101E,003DA5A4,
0000101F,003DA634,
00001020,003DA6EE,
00001021,003DABA5,
00001022,003DAEFA,
00001023,003DAFB8,
00001024,003DB163,
00001025,003DB3DC,
00001026,003DB45E,
00001027,003DB46D,
00001028,003DB4EC,
00001029,003DB59A,
0000102A,003DB703,
0000102B,003DB799,
0000102C,003DB9AD,
0000102D,003DB9B7,
0000102E,003DBAD9,
0000102F,003DCE40,
00001030,003DE1DC,
00001031,003DE33C,
00001032,003DE5E0,
00001033,003DE7FB,
00001034,003DE85A,
00001035,003DED8F,
00001036,003DEED8,
00001037,003DEF2F,
00001038,003DF1AB,
00001039,003DF1D2,
0000103A,003DF216,
0000103B,003DF219,
0000103C,003DF22E,
0000103D,003DF311,
0000103E,003DF327,
0000103F,003DF3A3,
00001040,003DF3DD,
00001041,003DF3E7,
00001042,003DF3F1,
00001043,003DF488,
00001044,003DF517,
00001045,003DF573,
00001046,003DF576,
00001047,003DF640,
00001048,003DF692,
00001049,003DF6A6,
0000104A,003DF775,
0000104B,003DF869,
0000104C,003DF88C,
0000104D,003DF96B,
0000104E,003DF96E,
0000104F,003DF9D8,
00001050,003DFCC4,
00001051,003DFD2F,
00001052,003DFFA8,
00001053,003E151B,
00001054,003E1563,
00001055,003E1743,
00001056,003E19F2,
00001057,003E1B90,
00001058,003E1C6D,
00001059,003E1CE0,
0000105A,003E1E2A,
0000105B,003E1ED1,
0000105C,003E1F15,
0000105D,003E1F52,
0000105E,003E1F58,
0000105F,003E1F84,
00001060,003E20F2,
00001061,003E21B0,
00001062,003E2216,
00001063,003E2282,
00001064,003E2441,
00001065,003E250D,
00001066,003E2576,
00001067,003E25BF,
00001068,003E260F,
00001069,003E264C,
0000106A,003E31E5,
0000106B,003E3302,
0000106C,003E40FF,
0000106D,003E4162,
0000106E,003E44B0,
0000106F,003E468C,
00001070,003E48BE,
00001071,003E5837,
00001072,003E58D0,
00001073,003E5CF4,
00001074,003E605D,
00001075,003E609B,
00001076,003E659C,
00001077,003E6A63,
00001078,003E6F2B,
00001079,003E70AF,
0000107A,003E70F2,
0000107B,003E73C4,
0000107C,003E7463,
0000107D,003E74DB,
0000107E,003E74F2,
0000107F,003E7512,
00001080,003E8076,
00001081,003E8337,
00001082,003E8472,
00001083,003E86B1,
00001084,003E86F6,
00001085,003E87CD,
00001086,003E8B4F,
00001087,003E8CF7,
00001088,003E8D82,
00001089,003EA29E,
0000108A,003EAA02,
0000108B,003EAC63,
0000108C,003EAEE6,
0000108D,003ECD5F,
0000108E,003ECE4E,
0000108F,003ED4CE,
00001090,003ED6E3,
00001091,003ED72A,
00001092,003EDFD1,
00001093,003EE002,
00001094,003EE0CE,
00001095,003EE2F8,
00001096,003EE3A9,
00001097,003EE7CD,
00001098,003EE865,
00001099,003EE942,
0000109A,003EEB2F,
0000109B,003EED9A,
0000109C,003EF10E,
0000109D,003EF18A,
0000109E,003EF40E,
0000109F,003EF42F,
000010A0,003EF629,
000010A1,003EF6CD,
000010A2,003EFC94,
000010A3,003F0321,
000010A4,003F0741,
000010A5,003F0B50,
000010A6,003F0D98,
000010A7,003F0F27,
000010A8,003F11E6,
000010A9,003F11F6,
000010AA,003F121C,
000010AB,003F13B5,
000010AC,003F1689,
000010AD,003F1754,
000010AE,003F176B,
000010AF,003F23C7,
000010B0,003F23FE,
000010B1,003F262C,
000010B2,003F262E,
000010B3,003F2691,
000010B4,003F26DC,
000010B5,003F32BB,
000010B6,003F34CB,
000010B7,003F3534,
000010B8,003F36A6,
000010B9,003F3755,
000010BA,003F398F,
000010BB,003F4C0C,
000010BC,003F4D02,
000010BD,003F4E7A,
000010BE,003F4E8D,
000010BF,003F5358,
000010C0,003F5380,
000010C1,003F5446,
000010C2,003F547B,
000010C3,003F5492,
000010C4,003F5968,
000010C5,003F5980,
000010C6,003F5B28,
000010C7,003F5EB1,
000010C8,003F5FC1,
000010C9,003F61F0,
000010CA,003F6530,
000010CB,003F6619,
000010CC,003F66C4,
000010CD,003F6AC9,
000010CE,003F7614,
000010CF,003F78BB,
000010D0,003F79C0,
000010D1,003F7AF1,
000010D2,003F7B5F,
000010D3,003F7F5F,
000010D4,003F8003,
000010D5,003F832A,
000010D6,003F8728,
000010D7,003F88F4,
000010D8,003F89CB,
000010D9,003F8B92,
000010DA,003F92F2,
000010DB,003F96EC,
000010DC,003F9796,
000010DD,003F9A3C,
000010DE,003F9AC6,
000010DF,003FA39C,
000010E0,003FA67F,
000010E1,003FA733,
000010E2,003FA769,
000010E3,003FA7B1,
000010E4,003FA7D8,
000010E5,003FA7E2,
000010E6,003FA808,
000010E7,003FA880,
000010E8,003FAAA9,
000010E9,003FAABF,
000010EA,003FAB5B,
000010EB,003FABBE,
000010EC,003FB275,
000010ED,003FB38C,
000010EE,003FB393,
000010EF,003FB3A0,
000010F0,003FB655,
000010F1,003FB75C,
000010F2,003FB9F9,
000010F3,003FBC1A,
000010F4,003FBCCE,
000010F5,003FBD4A,
000010F6,003FBE7F,
000010F7,003FBECD,
000010F8,003FC066,
000010F9,003FC07C,
000010FA,003FC11C,
000010FB,003FC2BB,
000010FC,003FC3F0,
000010FD,003FC5C3,
000010FE,003FC896,
000010FF,003FC98F,
00001100,003FC9D5,
00001101,003FCB41,
00001102,003FCD2E,
00001103,003FCD30,
00001104,003FCF3B,
00001105,003FD494,
00001106,003FD496,
00001107,003FD4DF,
00001108,003FD6C1,
00001109,003FD7F3,
0000110A,003FDADD,
0000110B,003FDB93,
0000110C,003FDC1A,
0000110D,003FDD01,
0000110E,003FE093,
0000110F,003FE099,
00001110,003FE0F6,
00001111,003FE11B,
00001112,003FE1F9,
00001113,003FE399,
00001114,003FE3D5,
00001115,003FE8F3,
00001116,003FE9DC,
00001117,003FEBA3,
00001118,003FECD8,
00001119,003FED12,
0000111A,003FEF33,
0000111B,003FF299,
0000111C,003FF46A,
0000111D,003FF54E,
0000111E,003FF604,
0000111F,003FF73D,
00001120,003FFAA6,
00001121,003FFBD6,
00001122,003FFC03,
00001123,003FFDD8,
00001124,003FFE27,
00001125,003FFE7B,
00001126,004000CA,
00001127,0040013F,
00001128,0040025C,
00001129,00400B9C,
0000112A,00401033,
0000112B,004015DE,
0000112C,00401631,
0000112D,004017A6,
0000112E,00401877,
0000112F,004019E5,
00001130,00402427,
00001131,00402593,
00001132,004025A1,
00001133,00402788,
00001134,004031B5,
00001135,004034D5,
00001136,0040363F,
00001137,00403796,
00001138,004038AA,
00001139,00403B17,
0000113A,00403B42,
0000113B,00403BAA,
0000113C,00403C4A,
0000113D,00404111,
0000113E,0040420F,
0000113F,0040423E,
00001140,0040430A,
00001141,00404343,
00001142,0040448F,
00001143,004044C9,
00001144,00404566,
00001145,00404B58,
00001146,00404C16,
00001147,00404C8E,
00001148,00404EBE,
00001149,00404F24,
0000114A,00404F29,
0000114B,00404F95,
0000114C,004050AA,
0000114D,0040510E,
0000114E,00405148,
0000114F,004051BF,
00001150,0040523F,
00001151,00405256,
00001152,00405368,
00001153,00405408,
00001154,0040544F,
00001155,004054D8,
00001156,00405545,
00001157,00405683,
00001158,004057CA,
00001159,004057FC,
0000115A,0040580B,
0000115B,0040582A,
0000115C,00405C13,
0000115D,00405C20,
0000115E,004060F6,
0000115F,0040626E,
00001160,004062AD,
00001161,004064CE,
00001162,00406501,
00001163,00406617,
00001164,0040669A,
00001165,004068AC,
00001166,00406B36,
00001167,00406D1F,
00001168,00406F06,
00001169,00407117,
0000116A,004075AC,
0000116B,0040775B,
0000116C,00407956,
0000116D,0040797E,
0000116E,00407A65,
0000116F,00408564,
00001170,0040858C,
00001171,00408687,
00001172,00408779,
00001173,004089F8,
00001174,00408A1E,
00001175,00408ACF,
00001176,00409022,
00001177,00409266,
00001178,004092D5,
00001179,0040932A,
0000117A,00409381,
0000117B,0040946A,
0000117C,0040A279,
0000117D,0040AA98,
0000117E,0040AD17,
0000117F,0040AFA7,
00001180,0040B2D7,
00001181,0040B375,
00001182,0040B601,
00001183,0040BAB5,
00001184,0040BC5D,
00001185,0040BC7A,
00001186,0040C5E8,
00001187,0040D29F,
00001188,0040D394,
00001189,0040D58E,
0000118A,0040D925,
0000118B,0040DEEF,
0000118C,0040E0CD,
0000118D,0040E1F1,
0000118E,0040E63B,
0000118F,0040EDA8,
00001190,0040EF00,
00001191,0040F3D4,
00001192,0040F5A7,
00001193,0040FCAE,
00001194,0040FD73,
00001195,004106FC,
00001196,0041081A,
00001197,00410CA1,
00001198,00411123,
00001199,00411639,
0000119A,00411944,
0000119B,00411D50,
0000119C,00411E37,
0000119D,00411F1C,
0000119E,0041219D,
0000119F,004121E8,
000011A0,004122A2,
000011A1,00412893,
000011A2,00412C0B,
000011A3,00412E6B,
000011A4,00413093,
000011A5,0041321E,
000011A6,0041344E,
000011A7,00413525,
000011A8,004135C8,
000011A9,00413633,
000011AA,0041396D,
000011AB,00413E73,
000011AC,00413E79,
000011AD,00414018,
000011AE,00414047,
000011AF,004143EF,
000011B0,0041881C,
000011B1,00418AF0,
000011B2,00418B09,
000011B3,00418B6D,
000011B4,00418DA7,
000011B5,00418DBA,
000011B6,00418E8B,
000011B7,00418E8C,
000011B8,00418EE2,
000011B9,00419029,
000011BA,00419790,
000011BB,004197FB,
000011BC,00419D27,
000011BD,0041A2A3,
000011BE,0041A883,
000011BF,0041A89C,
000011C0,0041A917,
000011C1,0041AAE1,
000011C2,0041AB3B,
000011C3,0041AC28,
000011C4,0041AC8A,
000011C5,0041AD26,
000011C6,0041AE1C,
000011C7,0041AE78,
000011C8,0041AECA,
000011C9,0041AEEE,
000011CA,0041AFF1,
000011CB,0041B0C1,
000011CC,0041B166,
000011CD,0041B41A,
000011CE,0041B62E,
000011CF,0041B68E,
000011D0,0041B93F,
000011D1,0041B981,
000011D2,0041BB26,
000011D3,0041BB96,
000011D4,0041BBD0,
000011D5,0041BBFE,
000011D6,0041BD9D,
000011D7,0041BEB3,
000011D8,0041BECC,
000011D9,0041BF17,
000011DA,0041BF92,
000011DB,0041BF9B,
000011DC,0041C030,
000011DD,0041C357,
000011DE,0041C535,
000011DF,0041C808,
000011E0,0041CAFB,
000011E1,0041CB51,
000011E2,0041D018,
000011E3,0041D463,
000011E4,0041E29B,
000011E5,0041E494,
000011E6,0041EA49,
000011E7,0041EA9A,
000011E8,0041EB87,
000011E9,0041EC1C,
000011EA,0041EC58,
000011EB,0041ED39,
000011EC,0041EEE8,
000011ED,00420288,
000011EE,00420B6D,
000011EF,00425964,
000011F0,00425D08,
000011F1,004261DB,
000011F2,00426DFD,
000011F3,00427230,
000011F4,0042793C,
000011F5,0042793E,
000011F6,00427BE9,
000011F7,00428027,
000011F8,00428650,
000011F9,004286A5,
000011FA,004286B6,
000011FB,004286C6,
000011FC,004286D6,
000011FD,00428701,
000011FE,0042889C,
000011FF,004288F0,
00001200,00428E17,
00001201,00428ED9,
00001202,00428EDA,
00001203,00428F66,
00001204,00428F7E,
00001205,00428FBA,
00001206,0042917A,
00001207,0042917F,
00001208,004291C1,
00001209,00429243,
0000120A,004292F4,
0000120B,004294E3,
0000120C,004294FE,
0000120D,00429532,
0000120E,0042963C,
0000120F,0042963D,
00001210,004296E8,
00001211,00429717,
00001212,00429735,
00001213,0042976E,
00001214,00429796,
00001215,004298BF,
00001216,004299A2,
00001217,004299E5,
00001218,00429ADB,
00001219,00429B8B,
0000121A,00429D14,
0000121B,00429D5F,
0000121C,00429DDB,
0000121D,00429E0F,
0000121E,00429E8F,
0000121F,00429EC9,
00001220,0042A052,
00001221,0042A5C0,
00001222,0042A6EF,
00001223,0042ABFA,
00001224,0042B304,
00001225,0042B326,
00001226,0042B46B,
00001227,0042B484,
00001228,0042BD20,
00001229,0042BDBC,
0000122A,0042BEF8,
0000122B,0042C182,
0000122C,0042D3D0,
0000122D,0042D46D,
0000122E,0042D725,
0000122F,0042E786,
00001230,0042E95E,
00001231,0042F357,
00001232,0043036C,
00001233,00430591,
00001234,0043074A,
00001235,004309BE,
00001236,0043103A,
00001237,00431DB3,
00001238,0043220D,
00001239,00432709,
0000123A,00433195,
0000123B,004340AD,
0000123C,0043415E,
0000123D,004345F8,
0000123E,0043481F,
0000123F,004349D0,
00001240,00434B76,
00001241,00434DBF,
00001242,00435119,
00001243,0043522B,
00001244,00435231,
00001245,0043523E,
00001246,004352BE,
00001247,004353E4,
00001248,00435E94,
00001249,004360DA,
0000124A,0043616B,
0000124B,004362D5,
0000124C,004362F4,
0000124D,00436601,
0000124E,00436734,
0000124F,0043693B,
00001250,004369BB,
00001251,004369ED,
00001252,00436A1F,
00001253,0043759D,
00001254,00437623,
00001255,00437739,
00001256,004377C4,
00001257,00437B96,
00001258,00437C30,
00001259,00437EAF,
0000125A,00438B36,
0000125B,00438B95,
0000125C,00438C61,
0000125D,00438CE4,
0000125E,00438CF6,
0000125F,00438DA1,
00001260,00439068,
00001261,004391C7,
00001262,0043926C,
00001263,004393E3,
00001264,00439477,
00001265,0043961A,
00001266,0043969D,
00001267,004396E3,
00001268,004399C6,
00001269,00439AE1,
0000126A,0043A045,
0000126B,0043A0A6,
0000126C,0043A1B2,
0000126D,0043A503,
0000126E,0043A599,
0000126F,0043ABE2,
00001270,0043AC57,
00001271,0043AEA2,
00001272,0043AEBA,
00001273,0043AECB,
00001274,0043B098,
00001275,0043B12D,
00001276,0043B1E9,
00001277,0043B372,
00001278,0043B442,
00001279,0043B44E,
0000127A,0043B5F0,
0000127B,0043B6E3,
0000127C,0043B997,
0000127D,0043BEDB,
0000127E,0043C079,
0000127F,0043C138,
00001280,0043C406,
00001281,0043C744,
00001282,0043CE11,
00001283,0043D6D2,
00001284,0043D839,
00001285,0043DBCE,
00001286,0043DBDF,
00001287,0043DC4E,
00001288,0043DCAE,
00001289,0043DD70,
0000128A,0043DDD7,
0000128B,0043DF70,
0000128C,0043E060,
0000128D,0043E0FD,
0000128E,0043E316,
0000128F,0043E3FD,
00001290,0043E427,
00001291,0043EC21,
00001292,0043EEB5,
00001293,0043F409,
00001294,0043F601,
00001295,0043F686,
00001296,0043F68D,
00001297,0043F7F9,
00001298,0043FB31,
00001299,0043FBBB,
0000129A,0043FC17,
0000129B,00440041,
0000129C,00440204,
0000129D,0044033A,
0000129E,00440601,
0000129F,00440664,
000012A0,00440EC1,
000012A1,00440F9A,
000012A2,004412CC,
000012A3,0044151B,
000012A4,00441892,
000012A5,00441AA0,
000012A6,00441AC1,
000012A7,00441AF6,
000012A8,00441E58,
000012A9,00441E93,
000012AA,00441EE8,
000012AB,0044201D,
000012AC,00442803,
000012AD,00442A51,
000012AE,00442ACB,
000012AF,00442C7D,
000012B0,004443B2,
000012B1,0044465C,
000012B2,004447D9,
000012B3,00444B14,
000012B4,0044586F,
000012B5,004458D2,
000012B6,0044599B,
000012B7,00445FD7,
000012B8,00445FD8,
000012B9,00446132,
000012BA,00446155,
000012BB,00446168,
000012BC,00446240,
000012BD,00446280,
000012BE,0044628B,
000012BF,0044629F,
000012C0,00446718,
000012C1,0044686E,
000012C2,00446A13,
000012C3,00446C16,
000012C4,00446C96,
000012C5,00447405,
000012C6,00447CC9,
000012C7,00447D7A,
000012C8,00447FD7,
000012C9,00448036,
000012CA,00448068,
000012CB,0044807E,
000012CC,0044824B,
000012CD,0044833C,
000012CE,00448DC6,
000012CF,00449566,
000012D0,00449919,
000012D1,004499AB,
000012D2,0044A221,
000012D3,0044A22F,
000012D4,0044A52C,
000012D5,0044A5B9,
000012D6,0044A5E0,
000012D7,0044A6D5,
000012D8,0044A981,
000012D9,0044AB6D,
000012DA,0044AB79,
000012DB,0044AD4B,
000012DC,0044ADA5,
000012DD,0044B390,
000012DE,0044B4A4,
000012DF,0044B535,
000012E0,0044B5D2,
000012E1,0044B98B,
000012E2,0044BACB,
000012E3,0044BE31,
000012E4,0044BEE8,
000012E5,0044BF56,
000012E6,0044C021,
000012E7,0044C0B7,
000012E8,0044C0F6,
000012E9,0044C166,
000012EA,0044C189,
000012EB,0044C195,
000012EC,0044C203,
000012ED,0044C357,
000012EE,0044C3FB,
000012EF,0044C42F,
000012F0,0044C46F,
000012F1,0044C5E1,
000012F2,0044C75D,
000012F3,0044C93A,
000012F4,0044C9E6,
000012F5,0044CDB0,
000012F6,0044CE8B,
000012F7,0044CEC0,
000012F8,0044CED6,
000012F9,0044CF2F,
000012FA,0044CFA0,
000012FB,0044CFC3,
000012FC,0044D04E,
000012FD,0044D208,
000012FE,0044D222,
000012FF,0044D276,
00001300,0044D4CA,
00001301,0044D7C0,
00001302,0044D88E,
00001303,0044D8DB,
00001304,0044D950,
00001305,0044DCF0,
00001306,0044DD0F,
00001307,0044DD32,
00001308,0044DD49,
00001309,0044DD9E,
0000130A,0044DE78,
0000130B,0044DF5A,
0000130C,0044DFD0,
0000130D,0044E089,
0000130E,0044E109,
0000130F,0044E11D,
00001310,0044E47D,
00001311,0044E623,
00001312,0044E686,
00001313,0044E973,
00001314,0044EB81,
00001315,0044ECC4,
00001316,0044EEBF,
00001317,0044EEC0,
00001318,0044F256,
00001319,0044F2EE,
0000131A,0044F326,
0000131B,0044F34A,
0000131C,0044F385,
0000131D,0044F3B1,
0000131E,0044F43B,
0000131F,0044F49F,
00001320,0044F4CB,
00001321,0044F4F1,
00001322,0044F50B,
00001323,0044F51E,
00001324,0044F6F9,
00001325,0044F7F1,
00001326,0044F88B,
00001327,0044F8D4,
00001328,0044FAC0,
00001329,0044FC28,
0000132A,0044FCD2,
0000132B,0044FD3E,
0000132C,0044FE35,
0000132D,0045002D,
0000132E,00450034,
0000132F,0045009B,
00001330,004500EB,
00001331,00450206,
00001332,00450312,
00001333,00450315,
00001334,00450321,
00001335,00450354,
00001336,0045041F,
00001337,00450A07,
00001338,00451174,
00001339,00451294,
0000133A,00451725,
0000133B,00451A1E,
0000133C,00451CC6,
0000133D,0045213A,
0000133E,004522DD,
0000133F,00452783,
00001340,004527D8,
00001341,0045310F,
00001342,0045329A,
00001343,004533D3,
00001344,00453689,
00001345,0045368F,
00001346,0045379A,
00001347,004537A4,
00001348,0045389A,
00001349,004538B8,
0000134A,00453ABE,
0000134B,00453AC5,
0000134C,00453CC4,
0000134D,00453D25,
0000134E,00453D3A,
0000134F,00453DC3,
00001350,00453DCE,
00001351,00453E1A,
00001352,00453E2D,
00001353,00453E55,
00001354,00453E69,
00001355,00453E6F,
00001356,00453EAE,
00001357,00453F2D,
00001358,00453F8A,
00001359,00453FFC,
0000135A,0045401A,
0000135B,00454219,
0000135C,00454236,
0000135D,0045425F,
0000135E,0045432F,
0000135F,004543C8,
00001360,004544E9,
00001361,004544F5,
00001362,0045457F,
00001363,004545C3,
00001364,0045461C,
00001365,0045462A,
00001366,0045470D,
00001367,00454740,
00001368,00454765,
00001369,004547C2,
0000136A,0045480F,
0000136B,00454891,
0000136C,004548B0,
0000136D,004548C1,
0000136E,0045490E,
0000136F,00454934,
00001370,00454955,
00001371,00454A92,
00001372,00454A93,
00001373,00454B39,
00001374,00454B4E,
00001375,00454C3A,
00001376,00454C55,
00001377,00454CE0,
00001378,00454E40,
00001379,00454E4C,
0000137A,00454E6A,
0000137B,00454F31,
0000137C,00455125,
0000137D,004551E7,
0000137E,00455320,
0000137F,0045534E,
00001380,004557AD,
00001381,00455924,
00001382,00455B52,
00001383,00455E54,
00001384,00455F19,
00001385,00455F3F,
00001386,00456630,
00001387,0045697E,
00001388,00456A4C,
